"Kind","Line","Property","Fallback","Code"
"GetPropertyValueWithDefault","5910","UseDesignColorSchema","true","return !HmiScreenItem.GetPropertyValueWithDefault(hmiScreenItem, ""UseDesignColorSchema"", defaultValue: true);"
"GetPropertyValueWithDefault","5930","ShowScale","true","return !HmiScreenItem.GetPropertyValueWithDefault(hmiScreenItem, ""ShowScale"", defaultValue: true);"
"GetPropertyValueWithDefault","5937","DrawInsideFrame","true","return HmiScreenItem.GetPropertyValueWithDefault(hmiScreenItem, ""DrawInsideFrame"", defaultValue: true);"
"GetPropertyValueWithDefault","5944","ShowTickLabels","true","return !HmiScreenItem.GetPropertyValueWithDefault(hmiScreenItem, ""ShowTickLabels"", defaultValue: true);"
"GetPropertyValueWithDefault","5966","Flashing","FlashingType.None","if (HmiScreenItem.GetPropertyValueWithDefault(hmiScreenItem, ""Flashing"", FlashingType.None) != FlashingType.None)"
"GetPropertyValueWithDefault","5968","FlashingOnLimitViolation","false","return !HmiScreenItem.GetPropertyValueWithDefault(hmiScreenItem, ""FlashingOnLimitViolation"", defaultValue: false);"
"GetPropertyValueWithDefault","5977","FlashingOnLimitViolation","false","bool propertyValueWithDefault = HmiScreenItem.GetPropertyValueWithDefault(hmiScreenItem, ""FlashingOnLimitViolation"", defaultValue: false);"
"GetPropertyValueWithDefault","5978","Flashing","FlashingType.None","if (!(!flag && HmiScreenItem.GetPropertyValueWithDefault(hmiScreenItem, ""Flashing"", FlashingType.None) == FlashingType.None && propertyValueWithDefault))"
"GetPropertyValueWithDefault","6002","UseAutoScaling","true","return HmiScreenItem.GetPropertyValueWithDefault(hmiScreenItem, ""UseAutoScaling"", defaultValue: true);"
"GetPropertyValueWithDefault","6007","UseAutoScaling","true","return HmiScreenItem.GetPropertyValueWithDefault(hmiScreenItem, ""UseAutoScaling"", defaultValue: true);"
"GetPropertyValueWithDefault","6012","UseAutoScaling","true","return HmiScreenItem.GetPropertyValueWithDefault(hmiScreenItem, ""UseAutoScaling"", defaultValue: true);"
"GetPropertyValueWithDefault","6058","UseDesignColorSchema","true","return HmiScreenItem.GetPropertyValueWithDefault(hmiScreenItem, ""UseDesignColorSchema"", defaultValue: true);"
"GetPropertyValueWithDefault","6072","UseDesignColorSchema","true","return HmiScreenItem.GetPropertyValueWithDefault(hmiScreenItem, ""UseDesignColorSchema"", defaultValue: true);"
"GetPropertyValueWithDefault","6084","UseDesignColorSchema","true","return HmiScreenItem.GetPropertyValueWithDefault(hmiScreenItem, ""UseDesignColorSchema"", defaultValue: true);"
"GetPropertyValueWithDefault","6096","UseDesignColorSchema","true","return HmiScreenItem.GetPropertyValueWithDefault(hmiScreenItem, ""UseDesignColorSchema"", defaultValue: true);"
"GetPropertyValueWithDefault","6105","EdgeStyle","LineStyle.Solid","return (!num && HmiScreenItem.GetPropertyValueWithDefault(hmiScreenItem, ""EdgeStyle"", LineStyle.Solid) != LineStyle.Solid) || flag;"
"GetPropertyValueWithDefault","6124","BorderWidth","1","if (HmiScreenItem.GetPropertyValueWithDefault(hmiScreenItem, ""BorderWidth"", 1) > 1 && flag)"
"GetPropertyValueWithDefault","6181","ShowLimitRanges","false","return HmiScreenItem.GetPropertyValueWithDefault(hmiScreenItem, ""ShowLimitRanges"", defaultValue: false);"
"GetPropertyValueWithDefault","6188","ShowLimitRanges","false","return HmiScreenItem.GetPropertyValueWithDefault(hmiScreenItem, ""ShowLimitRanges"", defaultValue: false);"
"GetPropertyValueWithDefault","6195","ShowLimitRanges","false","return HmiScreenItem.GetPropertyValueWithDefault(hmiScreenItem, ""ShowLimitRanges"", defaultValue: false);"
"GetPropertyValueWithDefault","7676","UseDesignColorSchema","true","return !HmiScreenItem.GetPropertyValueWithDefault(hmiScreenItem, ""UseDesignColorSchema"", defaultValue: true);"
"GetPropertyValueWithDefault","7815","StyleSettings","WinCCStyle.GlobalDesign","WinCCStyle propertyValueWithDefault = HmiScreenItem.GetPropertyValueWithDefault(hmiScreenItem, ""StyleSettings"", WinCCStyle.GlobalDesign);"
"GetPropertyValueWithDefault","7816","UseDesignColorSchema","true","bool flag2 = num && HmiScreenItem.IsThemingEnabled(hmiScreenItem) && HmiScreenItem.GetPropertyValueWithDefault(hmiScreenItem, ""UseDesignColorSchema"", defaultValue: true);"
"GetPropertyValueWithDefault","7817","WindowsStyle","true","bool flag3 = num && ((flag && propertyValueWithDefault == WinCCStyle.WindowsStyle) || (!flag && HmiScreenItem.GetPropertyValueWithDefault(hmiScreenItem, ""WindowsStyle"", defaultValue: true)));"
"GetPropertyValueWithDefault","7818","BackFillStyle","FillStyle.Solid","bool flag4 = drawingContextType == DrawingContextType.ExtendedDrawingRenderer && (HmiScreenItem.GetPropertyValueWithDefault(hmiScreenItem, ""BackFillStyle"", FillStyle.Solid) == FillStyle.GradientHorizontal || HmiScreenItem.GetPropertyValueWithDefault(hmiScreenItem, ""BackFillStyle"", FillStyle.Solid) == FillStyle.GradientVertical);"
"GetPropertyValueWithDefault","7819","BackFillStyle","FillStyle.Solid","if (!((HmiScreenItem.GetPropertyValueWithDefault(hmiScreenItem, ""BackFillStyle"", FillStyle.Solid) == FillStyle.Transparent && drawingContextType == DrawingContextType.ExtendedDrawingRenderer) || flag4 || flag3 || flag2))"
"GetPropertyValueWithDefault","7830","UseDesignColorSchema","true","if ((drawingContextType != DrawingContextType.ThemingDrawingRenderer && drawingContextType != DrawingContextType.ComplexDrawingRenderer) || !HmiScreenItem.IsThemingEnabled(hmiScreenItem) || !HmiScreenItem.GetPropertyValueWithDefault(hmiScreenItem, ""UseDesignColorSchema"", defaultValue: true))"
"GetPropertyValueWithDefault","7843","StyleSettings","WinCCStyle.GlobalDesign","WinCCStyle propertyValueWithDefault = HmiScreenItem.GetPropertyValueWithDefault(hmiScreenItem, ""StyleSettings"", WinCCStyle.GlobalDesign);"
"GetPropertyValueWithDefault","7844","WindowsStyle","true","bool flag2 = num && ((flag && propertyValueWithDefault == WinCCStyle.WindowsStyle) || (!flag && HmiScreenItem.GetPropertyValueWithDefault(hmiScreenItem, ""WindowsStyle"", defaultValue: true)));"
"GetPropertyValueWithDefault","7907","StyleSettings","WinCCStyle.GlobalDesign","WinCCStyle propertyValueWithDefault = HmiScreenItem.GetPropertyValueWithDefault(hmiScreenItem, ""StyleSettings"", WinCCStyle.GlobalDesign);"
"GetPropertyValueWithDefault","7908","UseDesignColorSchema","true","bool flag2 = num && HmiScreenItem.IsThemingEnabled(hmiScreenItem) && HmiScreenItem.GetPropertyValueWithDefault(hmiScreenItem, ""UseDesignColorSchema"", defaultValue: true);"
"GetPropertyValueWithDefault","7909","WindowsStyle","true","bool flag3 = num && ((flag && propertyValueWithDefault == WinCCStyle.WindowsStyle) || (!flag && HmiScreenItem.GetPropertyValueWithDefault(hmiScreenItem, ""WindowsStyle"", defaultValue: true)));"
"GetPropertyValueWithDefault","7918","StyleSettings","WinCCStyle.GlobalDesign","WinCCStyle propertyValueWithDefault = HmiScreenItem.GetPropertyValueWithDefault(hmiScreenItem, ""StyleSettings"", WinCCStyle.GlobalDesign);"
"GetPropertyValueWithDefault","7919","WindowsStyle","true","bool flag2 = num && ((flag && propertyValueWithDefault == WinCCStyle.WindowsStyle) || (!flag && HmiScreenItem.GetPropertyValueWithDefault(hmiScreenItem, ""WindowsStyle"", defaultValue: true)));"
"GetPropertyValueWithDefault","7925","ShowFillLevel","false","if (HmiScreenItem.GetPropertyValueWithDefault(hmiScreenItem, ""ShowFillLevel"", defaultValue: false))"
"GetPropertyValueWithDefault","7950","StyleSettings","WinCCStyle.GlobalDesign","WinCCStyle propertyValueWithDefault = HmiScreenItem.GetPropertyValueWithDefault(hmiScreenItem, ""StyleSettings"", WinCCStyle.GlobalDesign);"
"GetPropertyValueWithDefault","7951","WindowsStyle","true","bool flag3 = flag && ((flag2 && propertyValueWithDefault == WinCCStyle.WindowsStyle) || (!flag2 && HmiScreenItem.GetPropertyValueWithDefault(hmiScreenItem, ""WindowsStyle"", defaultValue: true)));"
"GetPropertyValueWithDefault","7953","BorderWidth","1","return (HmiScreenItem.GetPropertyValueWithDefault(hmiScreenItem, ""BorderWidth"", 1) > 1 && flag && !flag2) || flag4 || flag3;"
"GetPropertyValueWithDefault","7961","StyleSettings","WinCCStyle.GlobalDesign","WinCCStyle propertyValueWithDefault = HmiScreenItem.GetPropertyValueWithDefault(hmiScreenItem, ""StyleSettings"", WinCCStyle.GlobalDesign);"
"GetPropertyValueWithDefault","7962","WindowsStyle","true","bool flag2 = num && ((flag && propertyValueWithDefault == WinCCStyle.WindowsStyle) || (!flag && HmiScreenItem.GetPropertyValueWithDefault(hmiScreenItem, ""WindowsStyle"", defaultValue: true)));"
"GetPropertyValueWithDefault","7964","DrawInsideFrame","true","return (drawingContextType == DrawingContextType.ThemingDrawingRenderer && HmiScreenItem.GetPropertyValueWithDefault(hmiScreenItem, ""DrawInsideFrame"", defaultValue: true)) || flag3 || flag2;"
"GetPropertyValueWithDefault","7972","StyleSettings","WinCCStyle.GlobalDesign","WinCCStyle propertyValueWithDefault = HmiScreenItem.GetPropertyValueWithDefault(hmiScreenItem, ""StyleSettings"", WinCCStyle.GlobalDesign);"
"GetPropertyValueWithDefault","7973","WindowsStyle","true","bool flag2 = num && ((flag && propertyValueWithDefault == WinCCStyle.WindowsStyle) || (!flag && HmiScreenItem.GetPropertyValueWithDefault(hmiScreenItem, ""WindowsStyle"", defaultValue: true)));"
"GetPropertyValueWithDefault","7975","BorderWidth","1","bool flag4 = HmiScreenItem.GetPropertyValueWithDefault(hmiScreenItem, ""BorderWidth"", 1) < 2;"
"GetPropertyValueWithDefault","7976","EdgeStyle","LineStyle.Solid","return (!flag && HmiScreenItem.GetPropertyValueWithDefault(hmiScreenItem, ""EdgeStyle"", LineStyle.Solid) != LineStyle.Solid) || flag4 || flag3 || flag2;"
"GetPropertyValueWithDefault","7981","BackFillStyle","FillStyle.Solid","return HmiScreenItem.GetDrawingContextType(hmiScreenItem) != DrawingContextType.ExtendedDrawingRenderer || (HmiScreenItem.GetPropertyValueWithDefault(hmiScreenItem, ""BackFillStyle"", FillStyle.Solid) != FillStyle.GradientHorizontal && HmiScreenItem.GetPropertyValueWithDefault(hmiScreenItem, ""BackFillStyle"", FillStyle.Solid) != FillStyle.GradientVertical);"
"GetPropertyValueWithDefault","7986","BackFillStyle","FillStyle.Solid","return HmiScreenItem.GetDrawingContextType(hmiScreenItem) != DrawingContextType.ExtendedDrawingRenderer || (HmiScreenItem.GetPropertyValueWithDefault(hmiScreenItem, ""BackFillStyle"", FillStyle.Solid) != FillStyle.GradientHorizontal && HmiScreenItem.GetPropertyValueWithDefault(hmiScreenItem, ""BackFillStyle"", FillStyle.Solid) != FillStyle.GradientVertical) || !HmiScreenItem.GetPropertyValueWithDefault(hmiScreenItem, ""UseFirstGradient"", defaultValue: false);"
"GetPropertyValueWithDefault","7991","BackFillStyle","FillStyle.Solid","return HmiScreenItem.GetDrawingContextType(hmiScreenItem) != DrawingContextType.ExtendedDrawingRenderer || (HmiScreenItem.GetPropertyValueWithDefault(hmiScreenItem, ""BackFillStyle"", FillStyle.Solid) != FillStyle.GradientHorizontal && HmiScreenItem.GetPropertyValueWithDefault(hmiScreenItem, ""BackFillStyle"", FillStyle.Solid) != FillStyle.GradientVertical) || !HmiScreenItem.GetPropertyValueWithDefault(hmiScreenItem, ""UseSecondGradient"", defaultValue: false);"
"GetPropertyValueWithDefault","8025","FocusWidth","1","return HmiScreenItem.GetPropertyValueWithDefault(hmiScreenItem, ""FocusWidth"", 1) == 0;"
"GetPropertyValueWithDefault","8226","MaintainOriginalSize","true","return HmiScreenItem.GetPropertyValueWithDefault(hmiScreenItem, ""MaintainOriginalSize"", defaultValue: true);"
"GetPropertyValueWithDefault","9132","UseDesignColorSchema","true","return !HmiScreenItem.GetPropertyValueWithDefault(hmiScreenItem, ""UseDesignColorSchema"", defaultValue: true);"
"GetPropertyValueWithDefault","9176","UseDesignColorSchema","true","return HmiScreenItem.GetPropertyValueWithDefault(hmiScreenItem, ""UseDesignColorSchema"", defaultValue: true);"
"GetPropertyValueWithDefault","9188","UseDesignColorSchema","true","return HmiScreenItem.GetPropertyValueWithDefault(hmiScreenItem, ""UseDesignColorSchema"", defaultValue: true);"
"GetPropertyValueWithDefault","9200","UseDesignColorSchema","true","return HmiScreenItem.GetPropertyValueWithDefault(hmiScreenItem, ""UseDesignColorSchema"", defaultValue: true);"
"GetPropertyValueWithDefault","9216","BorderWidth","1","if (flag || HmiScreenItem.GetPropertyValueWithDefault(hmiScreenItem, ""BorderWidth"", 1) <= 1)"
"GetPropertyValueWithDefault","9220","UseDesignColorSchema","true","return HmiScreenItem.GetPropertyValueWithDefault(hmiScreenItem, ""UseDesignColorSchema"", defaultValue: true);"
"GetPropertyValueWithDefault","9240","UseDesignColorSchema","true","return HmiScreenItem.GetPropertyValueWithDefault(hmiScreenItem, ""UseDesignColorSchema"", defaultValue: true);"
"GetPropertyValueWithDefault","9248","BorderWidth","1","bool flag = HmiScreenItem.GetPropertyValueWithDefault(hmiScreenItem, ""BorderWidth"", 1) < 2;"
"GetPropertyValueWithDefault","9264","ShowFillLevel","false","return !HmiScreenItem.GetPropertyValueWithDefault(hmiScreenItem, ""ShowFillLevel"", defaultValue: false);"
"GetPropertyValueWithDefault","9324","UseDesignColorSchema","true","return HmiScreenItem.GetPropertyValueWithDefault(hmiScreenItem, ""UseDesignColorSchema"", defaultValue: true);"
"GetPropertyValueWithDefault","9333","UseDesignColorSchema","true","return HmiScreenItem.GetPropertyValueWithDefault(hmiScreenItem, ""UseDesignColorSchema"", defaultValue: true);"
"GetPropertyValueWithDefault","9342","UseDesignColorSchema","true","return HmiScreenItem.GetPropertyValueWithDefault(hmiScreenItem, ""UseDesignColorSchema"", defaultValue: true);"
"GetPropertyValueWithDefault","9354","BorderWidth","1","if (flag || HmiScreenItem.GetPropertyValueWithDefault(hmiScreenItem, ""BorderWidth"", 1) <= 1)"
"GetPropertyValueWithDefault","9358","UseDesignColorSchema","true","return HmiScreenItem.GetPropertyValueWithDefault(hmiScreenItem, ""UseDesignColorSchema"", defaultValue: true);"
"GetPropertyValueWithDefault","9373","UseDesignColorSchema","true","return HmiScreenItem.GetPropertyValueWithDefault(hmiScreenItem, ""UseDesignColorSchema"", defaultValue: true);"
"GetPropertyValueWithDefault","9381","BorderWidth","1","bool flag = HmiScreenItem.GetPropertyValueWithDefault(hmiScreenItem, ""BorderWidth"", 1) < 2;"
"GetPropertyValueWithDefault","9387","ShowFillLevel","false","return !HmiScreenItem.GetPropertyValueWithDefault(hmiScreenItem, ""ShowFillLevel"", defaultValue: false);"
"GetPropertyValueWithDefault","9724","DrawInsideFrame","true","return HmiScreenItem.GetPropertyValueWithDefault(hmiScreenItem, ""DrawInsideFrame"", defaultValue: true);"
"GetPropertyValueWithDefault","9866","UseDesignColorSchema","true","return !HmiScreenItem.GetPropertyValueWithDefault(hmiScreenItem, ""UseDesignColorSchema"", defaultValue: true);"
"GetPropertyValueWithDefault","9871","Analog","true","return !HmiScreenItem.GetPropertyValueWithDefault(hmiScreenItem, ""Analog"", defaultValue: true);"
"GetPropertyValueWithDefault","9876","Analog","true","return !HmiScreenItem.GetPropertyValueWithDefault(hmiScreenItem, ""Analog"", defaultValue: true);"
"GetPropertyValueWithDefault","9881","Analog","true","return !HmiScreenItem.GetPropertyValueWithDefault(hmiScreenItem, ""Analog"", defaultValue: true);"
"GetPropertyValueWithDefault","9886","Analog","true","return !HmiScreenItem.GetPropertyValueWithDefault(hmiScreenItem, ""Analog"", defaultValue: true);"
"GetPropertyValueWithDefault","9891","Analog","true","return !HmiScreenItem.GetPropertyValueWithDefault(hmiScreenItem, ""Analog"", defaultValue: true);"
"GetPropertyValueWithDefault","9896","Analog","true","if (HmiScreenItem.GetPropertyValueWithDefault(hmiScreenItem, ""Analog"", defaultValue: true))"
"GetPropertyValueWithDefault","9905","Analog","true","if (HmiScreenItem.GetPropertyValueWithDefault(hmiScreenItem, ""Analog"", defaultValue: true))"
"GetPropertyValueWithDefault","9916","UseDesignColorSchema","true","return HmiScreenItem.GetPropertyValueWithDefault(hmiScreenItem, ""UseDesignColorSchema"", defaultValue: true);"
"GetPropertyValueWithDefault","9923","Analog","true","return !HmiScreenItem.GetPropertyValueWithDefault(hmiScreenItem, ""Analog"", defaultValue: true);"
"GetPropertyValueWithDefault","9928","Analog","true","return !HmiScreenItem.GetPropertyValueWithDefault(hmiScreenItem, ""Analog"", defaultValue: true);"
"GetPropertyValueWithDefault","9933","Analog","true","return !HmiScreenItem.GetPropertyValueWithDefault(hmiScreenItem, ""Analog"", defaultValue: true);"
"GetPropertyValueWithDefault","9938","Analog","true","return !HmiScreenItem.GetPropertyValueWithDefault(hmiScreenItem, ""Analog"", defaultValue: true);"
"GetPropertyValueWithDefault","9943","Analog","true","return !HmiScreenItem.GetPropertyValueWithDefault(hmiScreenItem, ""Analog"", defaultValue: true);"
"GetPropertyValueWithDefault","9948","Analog","true","return !HmiScreenItem.GetPropertyValueWithDefault(hmiScreenItem, ""Analog"", defaultValue: true);"
"GetPropertyValueWithDefault","9953","Analog","true","return !HmiScreenItem.GetPropertyValueWithDefault(hmiScreenItem, ""Analog"", defaultValue: true);"
"GetPropertyValueWithDefault","9958","Analog","true","return !HmiScreenItem.GetPropertyValueWithDefault(hmiScreenItem, ""Analog"", defaultValue: true);"
"GetPropertyValueWithDefault","9963","Analog","true","return !HmiScreenItem.GetPropertyValueWithDefault(hmiScreenItem, ""Analog"", defaultValue: true);"
"GetPropertyValueWithDefault","9980","Analog","true","bool propertyValueWithDefault = HmiScreenItem.GetPropertyValueWithDefault(hmiScreenItem, ""Analog"", defaultValue: true);"
"GetPropertyValueWithDefault","9987","Analog","true","bool propertyValueWithDefault = HmiScreenItem.GetPropertyValueWithDefault(hmiScreenItem, ""Analog"", defaultValue: true);"
"GetPropertyValueWithDefault","9994","Analog","true","bool propertyValueWithDefault = HmiScreenItem.GetPropertyValueWithDefault(hmiScreenItem, ""Analog"", defaultValue: true);"
"GetPropertyValueWithDefault","10003","UseDesignColorSchema","true","return HmiScreenItem.GetPropertyValueWithDefault(hmiScreenItem, ""UseDesignColorSchema"", defaultValue: true);"
"GetPropertyValueWithDefault","10011","NumberStyle","ClockNumberStyle.NoNumber","ClockNumberStyle propertyValueWithDefault = HmiScreenItem.GetPropertyValueWithDefault(hmiScreenItem, ""NumberStyle"", ClockNumberStyle.NoNumber);"
"GetPropertyValueWithDefault","10012","Analog","true","if (HmiScreenItem.GetPropertyValueWithDefault(hmiScreenItem, ""Analog"", defaultValue: true))"
"GetPropertyValueWithDefault","11751","UseDesignColorSchema","true","return !HmiScreenItem.GetPropertyValueWithDefault(hmiScreenItem, ""UseDesignColorSchema"", defaultValue: true);"
"GetPropertyValueWithDefault","11885","ShowDate","true","if (HmiScreenItem.GetPropertyValueWithDefault(hmiScreenItem, ""ShowDate"", defaultValue: true) || dateTimeType != DateTimeType.Output)"
"GetPropertyValueWithDefault","12509","UseDesignColorSchema","true","return !HmiScreenItem.GetPropertyValueWithDefault(hmiScreenItem, ""UseDesignColorSchema"", defaultValue: true);"
"GetPropertyValueWithDefault","12553","UseDesignColorSchema","true","return HmiScreenItem.GetPropertyValueWithDefault(hmiScreenItem, ""UseDesignColorSchema"", defaultValue: true);"
"GetPropertyValueWithDefault","12565","UseDesignColorSchema","true","return HmiScreenItem.GetPropertyValueWithDefault(hmiScreenItem, ""UseDesignColorSchema"", defaultValue: true);"
"GetPropertyValueWithDefault","12577","UseDesignColorSchema","true","return HmiScreenItem.GetPropertyValueWithDefault(hmiScreenItem, ""UseDesignColorSchema"", defaultValue: true);"
"GetPropertyValueWithDefault","12597","UseDesignColorSchema","true","return HmiScreenItem.GetPropertyValueWithDefault(hmiScreenItem, ""UseDesignColorSchema"", defaultValue: true);"
"GetPropertyValueWithDefault","12617","UseDesignColorSchema","true","return HmiScreenItem.GetPropertyValueWithDefault(hmiScreenItem, ""UseDesignColorSchema"", defaultValue: true);"
"GetPropertyValueWithDefault","12641","ShowFillLevel","false","return !HmiScreenItem.GetPropertyValueWithDefault(hmiScreenItem, ""ShowFillLevel"", defaultValue: false);"
"GetPropertyValueWithDefault","12691","UseDesignColorSchema","true","return HmiScreenItem.GetPropertyValueWithDefault(hmiScreenItem, ""UseDesignColorSchema"", defaultValue: true);"
"GetPropertyValueWithDefault","12700","UseDesignColorSchema","true","return HmiScreenItem.GetPropertyValueWithDefault(hmiScreenItem, ""UseDesignColorSchema"", defaultValue: true);"
"GetPropertyValueWithDefault","12709","UseDesignColorSchema","true","return HmiScreenItem.GetPropertyValueWithDefault(hmiScreenItem, ""UseDesignColorSchema"", defaultValue: true);"
"GetPropertyValueWithDefault","12725","UseDesignColorSchema","true","return HmiScreenItem.GetPropertyValueWithDefault(hmiScreenItem, ""UseDesignColorSchema"", defaultValue: true);"
"GetPropertyValueWithDefault","12740","UseDesignColorSchema","true","return HmiScreenItem.GetPropertyValueWithDefault(hmiScreenItem, ""UseDesignColorSchema"", defaultValue: true);"
"GetPropertyValueWithDefault","12754","ShowFillLevel","false","return !HmiScreenItem.GetPropertyValueWithDefault(hmiScreenItem, ""ShowFillLevel"", defaultValue: false);"
"GetPropertyValueWithDefault","12791","UseDesignColorSchema","true","return HmiScreenItem.GetPropertyValueWithDefault(hmiScreenItem, ""UseDesignColorSchema"", defaultValue: true);"
"GetPropertyValueWithDefault","12807","UseDesignColorSchema","true","return HmiScreenItem.GetPropertyValueWithDefault(hmiScreenItem, ""UseDesignColorSchema"", defaultValue: true);"
"GetPropertyValueWithDefault","13035","DrawInsideFrame","true","return HmiScreenItem.GetPropertyValueWithDefault(hmiScreenItem, ""DrawInsideFrame"", defaultValue: true);"
"GetPropertyValueWithDefault","13368","UseDesignColorSchema","true","return !HmiScreenItem.GetPropertyValueWithDefault(hmiScreenItem, ""UseDesignColorSchema"", defaultValue: true);"
"GetPropertyValueWithDefault","13396","UseDesignColorSchema","true","return HmiScreenItem.GetPropertyValueWithDefault(hmiScreenItem, ""UseDesignColorSchema"", defaultValue: true);"
"GetPropertyValueWithDefault","13405","UseDesignColorSchema","true","return HmiScreenItem.GetPropertyValueWithDefault(hmiScreenItem, ""UseDesignColorSchema"", defaultValue: true);"
"GetPropertyValueWithDefault","13414","UseDesignColorSchema","true","return HmiScreenItem.GetPropertyValueWithDefault(hmiScreenItem, ""UseDesignColorSchema"", defaultValue: true);"
"GetPropertyValueWithDefault","13427","ShowInnerDial","false","if (HmiScreenItem.GetPropertyValueWithDefault(hmiScreenItem, ""ShowInnerDial"", defaultValue: false) || drawingContextTypeDependingOnCompatibilityMode != DrawingContextType.ExtendedDrawingRenderer)"
"GetPropertyValueWithDefault","13437","ShowInnerDial","false","if (HmiScreenItem.GetPropertyValueWithDefault(hmiScreenItem, ""ShowInnerDial"", defaultValue: false) || drawingContextTypeDependingOnCompatibilityMode != DrawingContextType.ExtendedDrawingRenderer)"
"GetPropertyValueWithDefault","13451","ShowInnerDial","false","if (HmiScreenItem.GetPropertyValueWithDefault(hmiScreenItem, ""ShowInnerDial"", defaultValue: false) || drawingContextTypeDependingOnCompatibilityMode != DrawingContextType.ExtendedDrawingRenderer)"
"GetPropertyValueWithDefault","13825","UseDesignColorSchema","true","return HmiScreenItem.GetPropertyValueWithDefault(hmiScreenItem, ""UseDesignColorSchema"", defaultValue: true);"
"GetPropertyValueWithDefault","13845","UseDesignColorSchema","true","return HmiScreenItem.GetPropertyValueWithDefault(hmiScreenItem, ""UseDesignColorSchema"", defaultValue: true);"
"GetPropertyValueWithDefault","13859","UseTransparentColor","true","return !HmiScreenItem.GetPropertyValueWithDefault(hmiScreenItem, ""UseTransparentColor"", defaultValue: true);"
"GetPropertyValueWithDefault","13873","UseDesignColorSchema","true","if ((!hmiScreenItem.IsSCADARuntime() || !HmiScreenItem.IsThemingEnabled(hmiScreenItem) || !HmiScreenItem.GetPropertyValueWithDefault(hmiScreenItem, ""UseDesignColorSchema"", defaultValue: true)) && (FillStyle)((IPropertyAccess)hmiScreenItem.InstanceProxy)[""BackFillStyle""] != FillStyle.Solid)"
"GetPropertyValueWithDefault","13920","UseDesignColorSchema","true","return HmiScreenItem.GetPropertyValueWithDefault(hmiScreenItem, ""UseDesignColorSchema"", defaultValue: true);"
"GetPropertyValueWithDefault","13931","UseDesignColorSchema","true","return HmiScreenItem.GetPropertyValueWithDefault(hmiScreenItem, ""UseDesignColorSchema"", defaultValue: true);"
"GetPropertyValueWithDefault","14407","UseTransparentColor","false","if (!((!HmiScreenItem.GetPropertyValueWithDefault(hmiScreenItem, ""UseTransparentColor"", defaultValue: false) && (graphicIOFieldType == GraphicIOFieldType.Output || graphicIOFieldType == GraphicIOFieldType.InOutput || graphicIOFieldType == GraphicIOFieldType.Input)) || flag))"
"GetPropertyValueWithDefault","14456","PictureList","HmiObjectHandle.Empty","HmiObjectHandle propertyValueWithDefault = HmiScreenItem.GetPropertyValueWithDefault(hmiScreenItem, ""PictureList"", HmiObjectHandle.Empty);"
"GetPropertyValueWithDefault","14472","Flashing","FlashingType.None","if ((graphicIOFieldType != GraphicIOFieldType.Output && graphicIOFieldType != GraphicIOFieldType.InOutput && graphicIOFieldType != GraphicIOFieldType.Input) || ((AutoSizingType)((IPropertyAccess)hmiScreenItem.InstanceProxy)[""AutoSizing""] != AutoSizingType.StretchPicture && HmiScreenItem.GetPropertyValueWithDefault(hmiScreenItem, ""Flashing"", FlashingType.None) == FlashingType.None))"
"GetPropertyValueWithDefault","14483","FlashingOnLimitViolation","false","if ((!HmiScreenItem.GetPropertyValueWithDefault(hmiScreenItem, ""FlashingOnLimitViolation"", defaultValue: false) || (graphicIOFieldType != GraphicIOFieldType.Output && graphicIOFieldType != GraphicIOFieldType.InOutput && graphicIOFieldType != GraphicIOFieldType.Input)) && !(hmiScreenItem.IsModuleDevice() && flag))"
"GetPropertyValueWithDefault","14644","Flashing","FlashingType.None","return HmiScreenItem.GetPropertyValueWithDefault(hmiScreenItem, ""Flashing"", FlashingType.None) != FlashingType.Advanced;"
"GetPropertyValueWithDefault","14649","Flashing","FlashingType.None","return HmiScreenItem.GetPropertyValueWithDefault(hmiScreenItem, ""Flashing"", FlashingType.None) != FlashingType.Advanced;"
"GetPropertyValueWithDefault","14654","Flashing","FlashingType.None","return HmiScreenItem.GetPropertyValueWithDefault(hmiScreenItem, ""Flashing"", FlashingType.None) != FlashingType.Advanced;"
"GetPropertyValueWithDefault","14659","Flashing","FlashingType.None","return HmiScreenItem.GetPropertyValueWithDefault(hmiScreenItem, ""Flashing"", FlashingType.None) != FlashingType.Advanced;"
"GetPropertyValueWithDefault","14666","DrawInsideFrame","true","return HmiScreenItem.GetPropertyValueWithDefault(hmiScreenItem, ""DrawInsideFrame"", defaultValue: true);"
"GetPropertyValueWithDefault","20447","UseDesignColorSchema","true","return !HmiScreenItem.GetPropertyValueWithDefault(hmiScreenItem, ""UseDesignColorSchema"", defaultValue: true);"
"GetPropertyValueWithDefault","20517","UseDesignColorSchema","true","return HmiScreenItem.GetPropertyValueWithDefault(hmiScreenItem, ""UseDesignColorSchema"", defaultValue: true);"
"GetPropertyValueWithDefault","20528","UseDesignColorSchema","true","return HmiScreenItem.GetPropertyValueWithDefault(hmiScreenItem, ""UseDesignColorSchema"", defaultValue: true);"
"GetPropertyValueWithDefault","20537","UseDesignColorSchema","true","return HmiScreenItem.GetPropertyValueWithDefault(hmiScreenItem, ""UseDesignColorSchema"", defaultValue: true);"
"GetPropertyValueWithDefault","20554","UseDesignColorSchema","true","return HmiScreenItem.GetPropertyValueWithDefault(hmiScreenItem, ""UseDesignColorSchema"", defaultValue: true);"
"GetPropertyValueWithDefault","20571","UseDesignColorSchema","true","return HmiScreenItem.GetPropertyValueWithDefault(hmiScreenItem, ""UseDesignColorSchema"", defaultValue: true);"
"GetPropertyValueWithDefault","20580","UseDesignColorSchema","true","return HmiScreenItem.GetPropertyValueWithDefault(hmiScreenItem, ""UseDesignColorSchema"", defaultValue: true);"
"GetPropertyValueWithDefault","20804","FlashingOnLimitViolation","false","bool propertyValueWithDefault = HmiScreenItem.GetPropertyValueWithDefault(hmiScreenItem, ""FlashingOnLimitViolation"", defaultValue: false);"
"GetPropertyValueWithDefault","20805","Flashing","FlashingType.None","if (!(!hmiScreenItem.IsSCADARuntime() && HmiScreenItem.GetPropertyValueWithDefault(hmiScreenItem, ""Flashing"", FlashingType.None) == FlashingType.None && propertyValueWithDefault))"
"GetPropertyValueWithDefault","20917","UseDesignColorSchema","true","if ((drawingContextType == DrawingContextType.ThemingDrawingRenderer || drawingContextType == DrawingContextType.ComplexDrawingRenderer) && HmiScreenItem.GetPropertyValueWithDefault(hmiScreenItem, ""UseDesignColorSchema"", defaultValue: true))"
"GetPropertyValueWithDefault","20939","UseDesignColorSchema","true","if ((drawingContextType != DrawingContextType.ComplexDrawingRenderer && drawingContextType != DrawingContextType.ThemingDrawingRenderer) || ((flag3 || (int)((IPropertyAccess)hmiScreenItem.InstanceProxy)[""LineWidth""] <= 1) && (!flag3 || !HmiScreenItem.GetPropertyValueWithDefault(hmiScreenItem, ""UseDesignColorSchema"", defaultValue: true))))"
"GetPropertyValueWithDefault","21308","UseDesignColorSchema","true","return !HmiScreenItem.GetPropertyValueWithDefault(hmiScreenItem, ""UseDesignColorSchema"", defaultValue: true);"
"GetPropertyValueWithDefault","21646","UseDesignColorSchema","true","return HmiScreenItem.GetPropertyValueWithDefault(hmiScreenItem, ""UseDesignColorSchema"", defaultValue: true);"
"GetPropertyValueWithDefault","21661","UseDesignColorSchema","true","return HmiScreenItem.GetPropertyValueWithDefault(hmiScreenItem, ""UseDesignColorSchema"", defaultValue: true);"
"GetPropertyValueWithDefault","21676","UseDesignColorSchema","true","return HmiScreenItem.GetPropertyValueWithDefault(hmiScreenItem, ""UseDesignColorSchema"", defaultValue: true);"
"GetPropertyValueWithDefault","22521","UseDesignColorSchema","true","return HmiScreenItem.GetPropertyValueWithDefault(hmiScreenItem, ""UseDesignColorSchema"", defaultValue: true);"
"GetPropertyValueWithDefault","22530","UseDesignColorSchema","true","return HmiScreenItem.GetPropertyValueWithDefault(hmiScreenItem, ""UseDesignColorSchema"", defaultValue: true);"
"GetPropertyValueWithDefault","22539","UseDesignColorSchema","true","return HmiScreenItem.GetPropertyValueWithDefault(hmiScreenItem, ""UseDesignColorSchema"", defaultValue: true);"
"GetPropertyValueWithDefault","22558","UseDesignColorSchema","true","return HmiScreenItem.GetPropertyValueWithDefault(hmiScreenItem, ""UseDesignColorSchema"", defaultValue: true);"
"GetPropertyValueWithDefault","22575","UseDesignColorSchema","true","return HmiScreenItem.GetPropertyValueWithDefault(hmiScreenItem, ""UseDesignColorSchema"", defaultValue: true);"
"GetPropertyValueWithDefault","22664","UseDesignColorSchema","true","if ((drawingContextType == DrawingContextType.ThemingDrawingRenderer || drawingContextType == DrawingContextType.ComplexDrawingRenderer) && HmiScreenItem.GetPropertyValueWithDefault(hmiScreenItem, ""UseDesignColorSchema"", defaultValue: true))"
"GetPropertyValueWithDefault","22686","UseDesignColorSchema","true","if ((!HmiScreenItem.GetPropertyValueWithDefault(hmiScreenItem, ""UseDesignColorSchema"", defaultValue: true) || !flag3 || (drawingContextType != DrawingContextType.ThemingDrawingRenderer && drawingContextType != DrawingContextType.ComplexDrawingRenderer)) && (flag3 || (int)((IPropertyAccess)hmiScreenItem.InstanceProxy)[""LineWidth""] <= 1 || (drawingContextType != DrawingContextType.ThemingDrawingRenderer && drawingContextType != DrawingContextType.ComplexDrawingRenderer)))"
"GetPropertyValueWithDefault","33767","UseDesignColorSchema","true","return !HmiScreenItem.GetPropertyValueWithDefault(hmiScreenItem, ""UseDesignColorSchema"", defaultValue: true);"
"GetPropertyValueWithDefault","33812","UseDesignColorSchema","true","return HmiScreenItem.GetPropertyValueWithDefault(hmiScreenItem, ""UseDesignColorSchema"", defaultValue: true);"
"GetPropertyValueWithDefault","33823","UseDesignColorSchema","true","return HmiScreenItem.GetPropertyValueWithDefault(hmiScreenItem, ""UseDesignColorSchema"", defaultValue: true);"
"GetPropertyValueWithDefault","33834","UseDesignColorSchema","true","return HmiScreenItem.GetPropertyValueWithDefault(hmiScreenItem, ""UseDesignColorSchema"", defaultValue: true);"
"GetPropertyValueWithDefault","33853","UseDesignColorSchema","true","return HmiScreenItem.GetPropertyValueWithDefault(hmiScreenItem, ""UseDesignColorSchema"", defaultValue: true);"
"GetPropertyValueWithDefault","33872","UseDesignColorSchema","true","return HmiScreenItem.GetPropertyValueWithDefault(hmiScreenItem, ""UseDesignColorSchema"", defaultValue: true);"
"GetPropertyValueWithDefault","35079","UseDesignColorSchema","true","return !HmiScreenItem.GetPropertyValueWithDefault(hmiScreenItem, ""UseDesignColorSchema"", defaultValue: true);"
"GetPropertyValueWithDefault","35150","UseDesignColorSchema","true","return HmiScreenItem.GetPropertyValueWithDefault(hmiScreenItem, ""UseDesignColorSchema"", defaultValue: true);"
"GetPropertyValueWithDefault","35160","UseDesignColorSchema","true","return HmiScreenItem.GetPropertyValueWithDefault(hmiScreenItem, ""UseDesignColorSchema"", defaultValue: true);"
"GetPropertyValueWithDefault","35170","UseDesignColorSchema","true","return HmiScreenItem.GetPropertyValueWithDefault(hmiScreenItem, ""UseDesignColorSchema"", defaultValue: true);"
"GetPropertyValueWithDefault","35212","ShowLimitRanges","false","return HmiScreenItem.GetPropertyValueWithDefault(hmiScreenItem, ""ShowLimitRanges"", defaultValue: false);"
"GetPropertyValueWithDefault","35332","CompatibilityMode","false","if (!HmiScreenItem.GetPropertyValueWithDefault(hmiScreenItem, ""CompatibilityMode"", defaultValue: false))"
"GetPropertyValueWithDefault","35334","ShowLimitRanges","false","return HmiScreenItem.GetPropertyValueWithDefault(hmiScreenItem, ""ShowLimitRanges"", defaultValue: false);"
"GetPropertyValueWithDefault","38039","UseDesignColorSchema","true","return HmiScreenItem.GetPropertyValueWithDefault(hmiScreenItem, ""UseDesignColorSchema"", defaultValue: true);"
"GetPropertyValueWithDefault","38059","UseDesignColorSchema","true","return HmiScreenItem.GetPropertyValueWithDefault(hmiScreenItem, ""UseDesignColorSchema"", defaultValue: true);"
"GetPropertyValueWithDefault","38073","UseTransparentColor","true","return !HmiScreenItem.GetPropertyValueWithDefault(hmiScreenItem, ""UseTransparentColor"", defaultValue: true);"
"GetPropertyValueWithDefault","38087","UseDesignColorSchema","true","if ((!hmiScreenItem.IsSCADARuntime() || !HmiScreenItem.IsThemingEnabled(hmiScreenItem) || !HmiScreenItem.GetPropertyValueWithDefault(hmiScreenItem, ""UseDesignColorSchema"", defaultValue: true)) && (FillStyle)((IPropertyAccess)hmiScreenItem.InstanceProxy)[""BackFillStyle""] != FillStyle.Solid)"
"GetPropertyValueWithDefault","38134","UseDesignColorSchema","true","return HmiScreenItem.GetPropertyValueWithDefault(hmiScreenItem, ""UseDesignColorSchema"", defaultValue: true);"
"GetPropertyValueWithDefault","38145","UseDesignColorSchema","true","return HmiScreenItem.GetPropertyValueWithDefault(hmiScreenItem, ""UseDesignColorSchema"", defaultValue: true);"
"GetPropertyValueWithDefault","38699","UseDesignColorSchema","true","return !HmiScreenItem.GetPropertyValueWithDefault(hmiScreenItem, ""UseDesignColorSchema"", defaultValue: true);"
"GetPropertyValueWithDefault","38793","FlashingOnLimitViolation","false","if (!HmiScreenItem.GetPropertyValueWithDefault(hmiScreenItem, ""FlashingOnLimitViolation"", defaultValue: false) || (FlashingType)((IPropertyAccess)hmiScreenItem.InstanceProxy)[""Flashing""] != FlashingType.None || (switchType != SwitchType.Switch && switchType != SwitchType.TextSwitchButton))"
"GetPropertyValueWithDefault","38998","UseFirstGradient","false","return HmiScreenItem.GetDrawingContextType(hmiScreenItem) != DrawingContextType.ExtendedDrawingRenderer || ((FillStyle)((IPropertyAccess)hmiScreenItem.InstanceProxy)[""BackFillStyle""] != FillStyle.GradientHorizontal && (FillStyle)((IPropertyAccess)hmiScreenItem.InstanceProxy)[""BackFillStyle""] != FillStyle.GradientVertical) || !HmiScreenItem.GetPropertyValueWithDefault(hmiScreenItem, ""UseFirstGradient"", defaultValue: false);"
"GetPropertyValueWithDefault","39003","UseSecondGradient","false","return HmiScreenItem.GetDrawingContextType(hmiScreenItem) != DrawingContextType.ExtendedDrawingRenderer || ((FillStyle)((IPropertyAccess)hmiScreenItem.InstanceProxy)[""BackFillStyle""] != FillStyle.GradientHorizontal && (FillStyle)((IPropertyAccess)hmiScreenItem.InstanceProxy)[""BackFillStyle""] != FillStyle.GradientVertical) || !HmiScreenItem.GetPropertyValueWithDefault(hmiScreenItem, ""UseSecondGradient"", defaultValue: false);"
"GetPropertyValueWithDefault","39008","UseSecondGradient","false","return HmiScreenItem.GetDrawingContextType(hmiScreenItem) != DrawingContextType.ExtendedDrawingRenderer || ((FillStyle)((IPropertyAccess)hmiScreenItem.InstanceProxy)[""BackFillStyle""] != FillStyle.GradientHorizontal && (FillStyle)((IPropertyAccess)hmiScreenItem.InstanceProxy)[""BackFillStyle""] != FillStyle.GradientVertical) || !HmiScreenItem.GetPropertyValueWithDefault(hmiScreenItem, ""UseSecondGradient"", defaultValue: false);"
"GetPropertyValueWithDefault","40033","UseDesignColorSchema","true","return !HmiScreenItem.GetPropertyValueWithDefault(hmiScreenItem, ""UseDesignColorSchema"", defaultValue: true);"
"GetPropertyValueWithDefault","40108","ShowDropDownButton","true","if ((((FillStyle)((IPropertyAccess)hmiScreenItem.InstanceProxy)[""BackFillStyle""] != FillStyle.Transparent && lineStyle != LineStyle.Style3D) || (!flag3 && drawingContextType != DrawingContextType.SimpleGdiDrawingRenderer) || symbolicIOFieldType != SymbolicIOFieldType.Output) && (!(lineStyle == LineStyle.Style3D && flag2) || symbolicIOFieldType != SymbolicIOFieldType.TwoState) && (!flag || !HmiScreenItem.GetPropertyValueWithDefault(hmiScreenItem, ""ShowDropDownButton"", defaultValue: true)))"
"GetPropertyValueWithDefault","40137","ShowDropDownButton","true","if (!HmiScreenItem.GetPropertyValueWithDefault(hmiScreenItem, ""ShowDropDownButton"", defaultValue: true))"
"GetPropertyValueWithDefault","40166","ShowDropDownButton","true","if ((!(lineStyle == LineStyle.None || num == 0 || flag3) || (symbolicIOFieldType != SymbolicIOFieldType.Input && symbolicIOFieldType != SymbolicIOFieldType.InOutput)) && ((num != 0 && lineStyle != LineStyle.None) || flag4 || symbolicIOFieldType != SymbolicIOFieldType.Output) && (!flag || (!HmiScreenItem.GetPropertyValueWithDefault(hmiScreenItem, ""ShowDropDownButton"", defaultValue: true) && (!flag2 || !HmiScreenItem.GetPropertyValueWithDefault(hmiScreenItem, ""UseDesignColorSchema"", defaultValue: true)))))"
"GetPropertyValueWithDefault","40190","ShowDropDownButton","true","if (!HmiScreenItem.GetPropertyValueWithDefault(hmiScreenItem, ""ShowDropDownButton"", defaultValue: true))"
"GetPropertyValueWithDefault","40194","UseDesignColorSchema","true","return HmiScreenItem.GetPropertyValueWithDefault(hmiScreenItem, ""UseDesignColorSchema"", defaultValue: true);"
"GetPropertyValueWithDefault","40275","ShowDropDownButton","true","if ((!num || drawingContextType == DrawingContextType.ExtendedDrawingRenderer || (symbolicIOFieldType != SymbolicIOFieldType.InOutput && symbolicIOFieldType != SymbolicIOFieldType.Input)) && (symbolicIOFieldType != SymbolicIOFieldType.Output || (FillStyle)((IPropertyAccess)hmiScreenItem.InstanceProxy)[""BackFillStyle""] != FillStyle.Transparent || (!flag2 && drawingContextType != DrawingContextType.SimpleGdiDrawingRenderer)) && (!flag || !HmiScreenItem.GetPropertyValueWithDefault(hmiScreenItem, ""ShowDropDownButton"", defaultValue: true)))"
"GetPropertyValueWithDefault","40334","ShowDropDownButton","true","return HmiScreenItem.GetPropertyValueWithDefault(hmiScreenItem, ""ShowDropDownButton"", defaultValue: true);"
"GetPropertyValueWithDefault","40374","FlashingOnLimitViolation","false","bool propertyValueWithDefault = HmiScreenItem.GetPropertyValueWithDefault(hmiScreenItem, ""FlashingOnLimitViolation"", defaultValue: false);"
"GetPropertyValueWithDefault","40528","UseDesignColorSchema","true","if (!flag || !HmiScreenItem.GetPropertyValueWithDefault(hmiScreenItem, ""UseDesignColorSchema"", defaultValue: true))"
"GetPropertyValueWithDefault","40530","ShowDropDownButton","true","return HmiScreenItem.GetPropertyValueWithDefault(hmiScreenItem, ""ShowDropDownButton"", defaultValue: true);"
"GetPropertyValueWithDefault","40543","UseDesignColorSchema","true","if (!flag || !HmiScreenItem.GetPropertyValueWithDefault(hmiScreenItem, ""UseDesignColorSchema"", defaultValue: true))"
"GetPropertyValueWithDefault","40545","ShowDropDownButton","true","return HmiScreenItem.GetPropertyValueWithDefault(hmiScreenItem, ""ShowDropDownButton"", defaultValue: true);"
"GetPropertyValueWithDefault","40558","UseDesignColorSchema","true","if (!flag || !HmiScreenItem.GetPropertyValueWithDefault(hmiScreenItem, ""UseDesignColorSchema"", defaultValue: true))"
"GetPropertyValueWithDefault","40560","ShowDropDownButton","true","return HmiScreenItem.GetPropertyValueWithDefault(hmiScreenItem, ""ShowDropDownButton"", defaultValue: true);"
"GetPropertyValueWithDefault","40574","ShowDropDownButton","true","if ((!flag || !HmiScreenItem.GetPropertyValueWithDefault(hmiScreenItem, ""ShowDropDownButton"", defaultValue: true)) && flag)"
"GetPropertyValueWithDefault","40583","ShowDropDownButton","true","return HmiScreenItem.GetPropertyValueWithDefault(hmiScreenItem, ""ShowDropDownButton"", defaultValue: true);"
"GetPropertyValueWithDefault","40607","ShowDropDownButton","true","return HmiScreenItem.GetPropertyValueWithDefault(hmiScreenItem, ""ShowDropDownButton"", defaultValue: true);"
"GetPropertyValueWithDefault","40625","ShowDropDownList","true","return HmiScreenItem.GetPropertyValueWithDefault(hmiScreenItem, ""ShowDropDownList"", defaultValue: true);"
"GetPropertyValueWithDefault","41267","UseDesignColorSchema","true","return !HmiScreenItem.GetPropertyValueWithDefault(hmiScreenItem, ""UseDesignColorSchema"", defaultValue: true);"
"GetPropertyValueWithDefault","41330","UseDesignColorSchema","true","if ((!flag || ((!HmiScreenItem.IsClassicTheme(hmiScreenItem) || (num == 1 && lineStyle != LineStyle.Solid)) && (flag2 || num <= 1))) && (!(flag && flag2) || !HmiScreenItem.GetPropertyValueWithDefault(hmiScreenItem, ""UseDesignColorSchema"", defaultValue: true)))"
"GetPropertyValueWithDefault","41364","UseDesignColorSchema","true","if (!(flag && flag2) || !HmiScreenItem.GetPropertyValueWithDefault(hmiScreenItem, ""UseDesignColorSchema"", defaultValue: true))"
"GetPropertyValueWithDefault","41392","UseDesignColorSchema","true","if ((!(num && flag) || !HmiScreenItem.GetPropertyValueWithDefault(hmiScreenItem, ""UseDesignColorSchema"", defaultValue: true)) && (FillStyle)((IPropertyAccess)hmiScreenItem.InstanceProxy)[""BackFillStyle""] != FillStyle.Solid)"
"GetPropertyValueWithDefault","41449","UseDesignColorSchema","true","return HmiScreenItem.GetPropertyValueWithDefault(hmiScreenItem, ""UseDesignColorSchema"", defaultValue: true);"
"GetPropertyValueWithDefault","41464","UseDesignColorSchema","true","return HmiScreenItem.GetPropertyValueWithDefault(hmiScreenItem, ""UseDesignColorSchema"", defaultValue: true);"
"GetPropertyValueWithDefault","41475","UseDesignColorSchema","true","return HmiScreenItem.GetPropertyValueWithDefault(hmiScreenItem, ""UseDesignColorSchema"", defaultValue: true);"
"GetPropertyValueWithDefault","41536","UseDesignColorSchema","true","return HmiScreenItem.GetPropertyValueWithDefault(hmiScreenItem, ""UseDesignColorSchema"", defaultValue: true);"
"GetPropertyValueWithDefault","41608","UseDesignColorSchema","true","return HmiScreenItem.GetPropertyValueWithDefault(hmiScreenItem, ""UseDesignColorSchema"", defaultValue: true);"
"GetPropertyValueWithDefault","41712","UseDesignColorSchema","true","return HmiScreenItem.GetPropertyValueWithDefault(hmiScreenItem, ""UseDesignColorSchema"", defaultValue: true);"
"GetScreenItemPropertyOrDefault","43191","EdgeStyle","LineStyle.None","if (PhaseConverter.GetScreenItemPropertyOrDefault(screenItemExpandoAttributes, ""EdgeStyle"", LineStyle.None) == LineStyle.Solid)"
"GetScreenItemPropertyOrDefault","43205","EdgeStyle","LineStyle.Solid","LineStyle screenItemPropertyOrDefault = PhaseConverter.GetScreenItemPropertyOrDefault(screenItemExpandoAttributes, ""EdgeStyle"", LineStyle.Solid);"
"GetScreenItemPropertyOrDefault","43211","BorderStyle3D","true","bool screenItemPropertyOrDefault = PhaseConverter.GetScreenItemPropertyOrDefault(screenItemExpandoAttributes, ""BorderStyle3D"", defaultValue: true);"
"GetScreenItemPropertyOrDefault","43212","Mode","SwitchType.Switch","SwitchType screenItemPropertyOrDefault2 = PhaseConverter.GetScreenItemPropertyOrDefault(screenItemExpandoAttributes, ""Mode"", SwitchType.Switch);"
"GetScreenItemPropertyOrDefault","43237","EdgeStyle","LineStyle.None","LineStyle screenItemPropertyOrDefault = PhaseConverter.GetScreenItemPropertyOrDefault(screenItemExpandoAttributes, ""EdgeStyle"", LineStyle.None);"
"GetScreenItemPropertyOrDefault","43250","BorderStyle3D","false","bool screenItemPropertyOrDefault = PhaseConverter.GetScreenItemPropertyOrDefault(screenItemExpandoAttributes, ""BorderStyle3D"", defaultValue: false);"
"GetScreenItemPropertyOrDefault","43251","BorderWidth","1","int screenItemPropertyOrDefault2 = PhaseConverter.GetScreenItemPropertyOrDefault(screenItemExpandoAttributes, ""BorderWidth"", 1);"
"GetScreenItemPropertyOrDefault","43286","EdgeStyle","LineStyle.Solid","LineStyle screenItemPropertyOrDefault = PhaseConverter.GetScreenItemPropertyOrDefault(screenItemExpandoAttributes, ""EdgeStyle"", LineStyle.Solid);"
"GetScreenItemPropertyOrDefault","43323","Mode","SymbolicIOFieldType.InOutput","return PhaseConverter.GetScreenItemPropertyOrDefault(screenItemExpandoAttributes, ""Mode"", SymbolicIOFieldType.InOutput) == SymbolicIOFieldType.Output;"
"GetScreenItemPropertyOrDefault","43395","BorderStyle3D","true","BorderStyle3D = PhaseConverter.GetScreenItemPropertyOrDefault(screenItemExpandoAttributes, ""BorderStyle3D"", defaultValue: true),"
"GetScreenItemPropertyOrDefault","43396","EdgeStyle","LineStyle.Solid","EdgeStyle = PhaseConverter.GetScreenItemPropertyOrDefault(screenItemExpandoAttributes, ""EdgeStyle"", LineStyle.Solid),"
"GetScreenItemPropertyOrDefault","43397","Mode","SymbolicIOFieldType.InOutput","Mode = PhaseConverter.GetScreenItemPropertyOrDefault(screenItemExpandoAttributes, ""Mode"", SymbolicIOFieldType.InOutput),"
"GetScreenItemPropertyOrDefault","43398","ShowDropDownList","true","ShowDropDownList = PhaseConverter.GetScreenItemPropertyOrDefault(screenItemExpandoAttributes, ""ShowDropDownList"", defaultValue: true),"
"GetScreenItemPropertyOrDefault","43399","BorderWidth","1","BorderWidth = PhaseConverter.GetScreenItemPropertyOrDefault(screenItemExpandoAttributes, ""BorderWidth"", 1)"
"GetScreenItemPropertyOrDefault","43416","EdgeStyle","LineStyle.None","LineStyle screenItemPropertyOrDefault = PhaseConverter.GetScreenItemPropertyOrDefault(screenItemExpandoAttributes, ""EdgeStyle"", LineStyle.None);"
"GetScreenItemPropertyOrDefault","43429","BorderStyle3D","false","bool screenItemPropertyOrDefault = PhaseConverter.GetScreenItemPropertyOrDefault(screenItemExpandoAttributes, ""BorderStyle3D"", defaultValue: false);"
"GetScreenItemPropertyOrDefault","43430","BorderWidth","0","int screenItemPropertyOrDefault2 = PhaseConverter.GetScreenItemPropertyOrDefault(screenItemExpandoAttributes, ""BorderWidth"", 0);"
"GetScreenItemPropertyOrDefault","43471","EdgeStyle","LineStyle.None","LineStyle screenItemPropertyOrDefault = PhaseConverter.GetScreenItemPropertyOrDefault(screenItemExpandoAttributes, ""EdgeStyle"", LineStyle.None);"
"GetScreenItemPropertyOrDefault","43484","BorderStyle3D","false","bool screenItemPropertyOrDefault = PhaseConverter.GetScreenItemPropertyOrDefault(screenItemExpandoAttributes, ""BorderStyle3D"", defaultValue: false);"
"GetScreenItemPropertyOrDefault","43501","BorderWidth","1","if (PhaseConverter.GetScreenItemPropertyOrDefault(screenItemExpandoAttributes, ""BorderWidth"", 1) < 1)"
"GetScreenItemPropertyOrDefault","43514","EdgeStyle","LineStyle.None","LineStyle screenItemPropertyOrDefault = PhaseConverter.GetScreenItemPropertyOrDefault(screenItemExpandoAttributes, ""EdgeStyle"", LineStyle.None);"
"GetScreenItemPropertyOrDefault","43527","BorderStyle3D","false","bool screenItemPropertyOrDefault = PhaseConverter.GetScreenItemPropertyOrDefault(screenItemExpandoAttributes, ""BorderStyle3D"", defaultValue: false);"
"GetScreenItemPropertyOrDefault","43551","EdgeStyle","LineStyle.None","LineStyle screenItemPropertyOrDefault = PhaseConverter.GetScreenItemPropertyOrDefault(screenItemExpandoAttributes, ""EdgeStyle"", LineStyle.None);"
"GetScreenItemPropertyOrDefault","43570","BorderWidth","1","int screenItemPropertyOrDefault = PhaseConverter.GetScreenItemPropertyOrDefault(screenItemExpandoAttributes, ""BorderWidth"", 1);"
"GetScreenItemPropertyOrDefault","43592","BorderStyle3D","true","if (PhaseConverter.GetScreenItemPropertyOrDefault(screenItemExpandoAttributes, ""BorderStyle3D"", defaultValue: true))"
"GetScreenItemPropertyOrDefault","43603","EdgeStyle","LineStyle.Solid","LineStyle screenItemPropertyOrDefault = PhaseConverter.GetScreenItemPropertyOrDefault(screenItemExpandoAttributes, ""EdgeStyle"", LineStyle.Solid);"
"GetScreenItemPropertyOrDefault","43610","BorderStyle3D","false","bool screenItemPropertyOrDefault = PhaseConverter.GetScreenItemPropertyOrDefault(screenItemExpandoAttributes, ""BorderStyle3D"", defaultValue: false);"
"GetScreenItemPropertyOrDefault","43611","BarEdgeStyle","LineStyle.Solid","LineStyle screenItemPropertyOrDefault2 = PhaseConverter.GetScreenItemPropertyOrDefault(screenItemExpandoAttributes, ""BarEdgeStyle"", LineStyle.Solid);"
"GetPropertyValueWithDefault","44878","ShowLimitRanges","false","bool propertyValueWithDefault = GetPropertyValueWithDefault(hmiScreenItem, ""ShowLimitRanges"", defaultValue: false);"
"GetPropertyValueWithDefault","44889","CompatibilityMode","true","if (drawingContextType == DrawingContextType.ExtendedDrawingRenderer && GetPropertyValueWithDefault(hmiScreenItem, ""CompatibilityMode"", defaultValue: true))"
"GetPropertyValueWithDefault","44918","Flashing","FlashingType.None","return GetPropertyValueWithDefault(hmiScreenItem, ""Flashing"", FlashingType.None) != FlashingType.Advanced;"
