"GraphXType","Method","Kind","ValueType","Property","Fallback","File","Line","Code"
"EdgeStylePhaseConverter","ConvertBarBorderStyle3D","GetScreenItemPropertyOrDefault","LineStyle","BarEdgeStyle","LineStyle.Solid","EdgeStylePhaseConverter.cs","540","LineStyle screenItemPropertyOrDefault2 = PhaseConverter.GetScreenItemPropertyOrDefault<LineStyle>(screenItemExpandoAttributes, ""BarEdgeStyle"", LineStyle.Solid);"
"EdgeStylePhaseConverter","ConvertTextFieldBorderStyle3DOldPanels","GetScreenItemPropertyOrDefault","bool","BorderStyle3D","false","EdgeStylePhaseConverter.cs","175","bool screenItemPropertyOrDefault = PhaseConverter.GetScreenItemPropertyOrDefault<bool>(screenItemExpandoAttributes, ""BorderStyle3D"", false);"
"EdgeStylePhaseConverter","ConvertGraphicViewBorderStyle3DOldPanels","GetScreenItemPropertyOrDefault","bool","BorderStyle3D","false","EdgeStylePhaseConverter.cs","362","bool screenItemPropertyOrDefault = PhaseConverter.GetScreenItemPropertyOrDefault<bool>(screenItemExpandoAttributes, ""BorderStyle3D"", false);"
"EdgeStylePhaseConverter","ConvertGraphicIoFieldBorderStyle3DOldPanels","GetScreenItemPropertyOrDefault","bool","BorderStyle3D","false","EdgeStylePhaseConverter.cs","417","bool screenItemPropertyOrDefault = PhaseConverter.GetScreenItemPropertyOrDefault<bool>(screenItemExpandoAttributes, ""BorderStyle3D"", false);"
"EdgeStylePhaseConverter","ConvertDateTimeFieldOrIoFieldBorderStyle3DOldPanels","GetScreenItemPropertyOrDefault","bool","BorderStyle3D","false","EdgeStylePhaseConverter.cs","464","bool screenItemPropertyOrDefault = PhaseConverter.GetScreenItemPropertyOrDefault<bool>(screenItemExpandoAttributes, ""BorderStyle3D"", false);"
"EdgeStylePhaseConverter","ConvertBarBorderStyle3D","GetScreenItemPropertyOrDefault","bool","BorderStyle3D","false","EdgeStylePhaseConverter.cs","539","bool screenItemPropertyOrDefault = PhaseConverter.GetScreenItemPropertyOrDefault<bool>(screenItemExpandoAttributes, ""BorderStyle3D"", false);"
"EdgeStylePhaseConverter","ConvertSwitchBorderStyle3DOldPanels","GetScreenItemPropertyOrDefault","bool","BorderStyle3D","true","EdgeStylePhaseConverter.cs","137","bool screenItemPropertyOrDefault = PhaseConverter.GetScreenItemPropertyOrDefault<bool>(screenItemExpandoAttributes, ""BorderStyle3D"", true);"
"EdgeStylePhaseConverter","GetSymbolicIoFieldConvertProperties","GetScreenItemPropertyOrDefault","bool","BorderStyle3D","true","EdgeStylePhaseConverter.cs","331","BorderStyle3D = PhaseConverter.GetScreenItemPropertyOrDefault<bool>(screenItemExpandoAttributes, ""BorderStyle3D"", true),"
"EdgeStylePhaseConverter","ConvertButtonBorderStyle3D","GetScreenItemPropertyOrDefault","bool","BorderStyle3D","true","EdgeStylePhaseConverter.cs","528","if (PhaseConverter.GetScreenItemPropertyOrDefault<bool>(screenItemExpandoAttributes, ""BorderStyle3D"", true))"
"EdgeStylePhaseConverter","ConvertGraphicViewBorderStyle3DOldPanels","GetScreenItemPropertyOrDefault","int","BorderWidth","0","EdgeStylePhaseConverter.cs","363","int screenItemPropertyOrDefault2 = PhaseConverter.GetScreenItemPropertyOrDefault<int>(screenItemExpandoAttributes, ""BorderWidth"", 0);"
"EdgeStylePhaseConverter","ConvertTextFieldBorderStyle3DOldPanels","GetScreenItemPropertyOrDefault","int","BorderWidth","1","EdgeStylePhaseConverter.cs","176","int screenItemPropertyOrDefault2 = PhaseConverter.GetScreenItemPropertyOrDefault<int>(screenItemExpandoAttributes, ""BorderWidth"", 1);"
"EdgeStylePhaseConverter","GetSymbolicIoFieldConvertProperties","GetScreenItemPropertyOrDefault","int","BorderWidth","1","EdgeStylePhaseConverter.cs","335","BorderWidth = PhaseConverter.GetScreenItemPropertyOrDefault<int>(screenItemExpandoAttributes, ""BorderWidth"", 1)"
"EdgeStylePhaseConverter","ConvertGraphicIoFieldBorderStyle3DOldPanels","GetScreenItemPropertyOrDefault","int","BorderWidth","1","EdgeStylePhaseConverter.cs","437","if (PhaseConverter.GetScreenItemPropertyOrDefault<int>(screenItemExpandoAttributes, ""BorderWidth"", 1) < 1)"
"EdgeStylePhaseConverter","ConvertDateTimeFieldBorderStyle3DReportOnNewPanel","GetScreenItemPropertyOrDefault","int","BorderWidth","1","EdgeStylePhaseConverter.cs","506","int screenItemPropertyOrDefault = PhaseConverter.GetScreenItemPropertyOrDefault<int>(screenItemExpandoAttributes, ""BorderWidth"", 1);"
"EdgeStylePhaseConverter","ConvertPageNumberEdgeStyle","GetScreenItemPropertyOrDefault","LineStyle","EdgeStyle","LineStyle.None","EdgeStylePhaseConverter.cs","115","if (PhaseConverter.GetScreenItemPropertyOrDefault<LineStyle>(screenItemExpandoAttributes, ""EdgeStyle"", LineStyle.None) == LineStyle.Solid)"
"EdgeStylePhaseConverter","ConvertTextFieldBorderStyle3D","GetScreenItemPropertyOrDefault","LineStyle","EdgeStyle","LineStyle.None","EdgeStylePhaseConverter.cs","163","LineStyle screenItemPropertyOrDefault = PhaseConverter.GetScreenItemPropertyOrDefault<LineStyle>(screenItemExpandoAttributes, ""EdgeStyle"", LineStyle.None);"
"EdgeStylePhaseConverter","ConvertGraphicViewBorderStyle3D","GetScreenItemPropertyOrDefault","LineStyle","EdgeStyle","LineStyle.None","EdgeStylePhaseConverter.cs","350","LineStyle screenItemPropertyOrDefault = PhaseConverter.GetScreenItemPropertyOrDefault<LineStyle>(screenItemExpandoAttributes, ""EdgeStyle"", LineStyle.None);"
"EdgeStylePhaseConverter","ConvertGraphicIoFieldBorderStyle3D","GetScreenItemPropertyOrDefault","LineStyle","EdgeStyle","LineStyle.None","EdgeStylePhaseConverter.cs","405","LineStyle screenItemPropertyOrDefault = PhaseConverter.GetScreenItemPropertyOrDefault<LineStyle>(screenItemExpandoAttributes, ""EdgeStyle"", LineStyle.None);"
"EdgeStylePhaseConverter","ConvertIoFieldBorderStyle3D","GetScreenItemPropertyOrDefault","LineStyle","EdgeStyle","LineStyle.None","EdgeStylePhaseConverter.cs","452","LineStyle screenItemPropertyOrDefault = PhaseConverter.GetScreenItemPropertyOrDefault<LineStyle>(screenItemExpandoAttributes, ""EdgeStyle"", LineStyle.None);"
"EdgeStylePhaseConverter","ConvertDateTimeFieldBorderStyle3D","GetScreenItemPropertyOrDefault","LineStyle","EdgeStyle","LineStyle.None","EdgeStylePhaseConverter.cs","487","LineStyle screenItemPropertyOrDefault = PhaseConverter.GetScreenItemPropertyOrDefault<LineStyle>(screenItemExpandoAttributes, ""EdgeStyle"", LineStyle.None);"
"EdgeStylePhaseConverter","ConvertSwitchBorderStyle3D","GetScreenItemPropertyOrDefault","LineStyle","EdgeStyle","LineStyle.Solid","EdgeStylePhaseConverter.cs","130","LineStyle screenItemPropertyOrDefault = PhaseConverter.GetScreenItemPropertyOrDefault<LineStyle>(screenItemExpandoAttributes, ""EdgeStyle"", LineStyle.Solid);"
"EdgeStylePhaseConverter","ConvertSymbolicIoFieldBorderStyle3D","GetScreenItemPropertyOrDefault","LineStyle","EdgeStyle","LineStyle.Solid","EdgeStylePhaseConverter.cs","216","LineStyle screenItemPropertyOrDefault = PhaseConverter.GetScreenItemPropertyOrDefault<LineStyle>(screenItemExpandoAttributes, ""EdgeStyle"", LineStyle.Solid);"
"EdgeStylePhaseConverter","GetSymbolicIoFieldConvertProperties","GetScreenItemPropertyOrDefault","LineStyle","EdgeStyle","LineStyle.Solid","EdgeStylePhaseConverter.cs","332","EdgeStyle = PhaseConverter.GetScreenItemPropertyOrDefault<LineStyle>(screenItemExpandoAttributes, ""EdgeStyle"", LineStyle.Solid),"
"EdgeStylePhaseConverter","ConvertButtonBorderStyle3D","GetScreenItemPropertyOrDefault","LineStyle","EdgeStyle","LineStyle.Solid","EdgeStylePhaseConverter.cs","524","LineStyle screenItemPropertyOrDefault = PhaseConverter.GetScreenItemPropertyOrDefault<LineStyle>(screenItemExpandoAttributes, ""EdgeStyle"", LineStyle.Solid);"
"EdgeStylePhaseConverter","ConvertSwitchBorderStyle3DOldPanels","GetScreenItemPropertyOrDefault","SwitchType","Mode","SwitchType.Switch","EdgeStylePhaseConverter.cs","138","SwitchType screenItemPropertyOrDefault2 = PhaseConverter.GetScreenItemPropertyOrDefault<SwitchType>(screenItemExpandoAttributes, ""Mode"", SwitchType.Switch);"
"EdgeStylePhaseConverter","IsOutputModeBorderNoneAndInFaceplate","GetScreenItemPropertyOrDefault","SymbolicIOFieldType","Mode","SymbolicIOFieldType.InOutput","EdgeStylePhaseConverter.cs","249","return edgeStyle == LineStyle.None && screenItemCoreObject.Context.EnvironmentRootObject.IsTypeOf(typeof(HmiScreenModuleVersionData)) && PhaseConverter.GetScreenItemPropertyOrDefault<SymbolicIOFieldType>(screenItemExpandoAttributes, ""Mode"", SymbolicIOFieldType.InOutput) == SymbolicIOFieldType.Output;"
"EdgeStylePhaseConverter","GetSymbolicIoFieldConvertProperties","GetScreenItemPropertyOrDefault","SymbolicIOFieldType","Mode","SymbolicIOFieldType.InOutput","EdgeStylePhaseConverter.cs","333","Mode = PhaseConverter.GetScreenItemPropertyOrDefault<SymbolicIOFieldType>(screenItemExpandoAttributes, ""Mode"", SymbolicIOFieldType.InOutput),"
"EdgeStylePhaseConverter","GetSymbolicIoFieldConvertProperties","GetScreenItemPropertyOrDefault","bool","ShowDropDownList","true","EdgeStylePhaseConverter.cs","334","ShowDropDownList = PhaseConverter.GetScreenItemPropertyOrDefault<bool>(screenItemExpandoAttributes, ""ShowDropDownList"", true),"
"HmiBar","IsBorderBackColorDisabled","GetPropertyValueWithDefault","int","BorderWidth","1","HmiBar.cs","317","return (!flag && flag3) || (HmiScreenItem.GetPropertyValueWithDefault<int>(hmiScreenItem, ""BorderWidth"", 1) > 1 && flag && !flag2);"
"HmiBar","IsCornerStyleDisabled","GetPropertyValueWithDefault","bool","DrawInsideFrame","true","HmiBar.cs","159","return HmiScreenItem.GetDrawingContextTypeDependingOnCompatibilityMode(hmiScreenItem) == DrawingContextType.ThemingDrawingRenderer && HmiScreenItem.GetPropertyValueWithDefault<bool>(hmiScreenItem, ""DrawInsideFrame"", true);"
"HmiBar","IsDrawInsideFrameDisabled","GetPropertyValueWithDefault","LineStyle","EdgeStyle","LineStyle.Solid","HmiBar.cs","299","return (!flag && HmiScreenItem.GetPropertyValueWithDefault<LineStyle>(hmiScreenItem, ""EdgeStyle"", LineStyle.Solid) > LineStyle.Solid) || flag2;"
"HmiBar","IsFlashingOnLimitViolationDisabled","GetPropertyValueWithDefault","FlashingType","Flashing","FlashingType.None","HmiBar.cs","186","return HmiScreenItem.GetPropertyValueWithDefault<FlashingType>(hmiScreenItem, ""Flashing"", FlashingType.None) != FlashingType.None && !HmiScreenItem.GetPropertyValueWithDefault<bool>(hmiScreenItem, ""FlashingOnLimitViolation"", false);"
"HmiBar","IsFlashingDisabled","GetPropertyValueWithDefault","FlashingType","Flashing","FlashingType.None","HmiBar.cs","195","return (!flag && HmiScreenItem.GetPropertyValueWithDefault<FlashingType>(hmiScreenItem, ""Flashing"", FlashingType.None) == FlashingType.None && propertyValueWithDefault) || (hmiScreenItem.IsModuleDevice() && flag);"
"HmiBar","IsFlashingOnLimitViolationDisabled","GetPropertyValueWithDefault","bool","FlashingOnLimitViolation","false","HmiBar.cs","186","return HmiScreenItem.GetPropertyValueWithDefault<FlashingType>(hmiScreenItem, ""Flashing"", FlashingType.None) != FlashingType.None && !HmiScreenItem.GetPropertyValueWithDefault<bool>(hmiScreenItem, ""FlashingOnLimitViolation"", false);"
"HmiBar","IsFlashingDisabled","GetPropertyValueWithDefault","bool","FlashingOnLimitViolation","false","HmiBar.cs","194","bool propertyValueWithDefault = HmiScreenItem.GetPropertyValueWithDefault<bool>(hmiScreenItem, ""FlashingOnLimitViolation"", false);"
"HmiBar","IsShowLimitMarkersDisabled","GetPropertyValueWithDefault","bool","ShowLimitRanges","false","HmiBar.cs","361","return HmiScreenItem.GetPropertyValueWithDefault<bool>(hmiScreenItem, ""ShowLimitRanges"", false);"
"HmiBar","IsShowProcessValueDisabled","GetPropertyValueWithDefault","bool","ShowLimitRanges","false","HmiBar.cs","367","return HmiScreenItem.IsCompatibilityModeEnabled(hmiScreenItem) || HmiScreenItem.GetPropertyValueWithDefault<bool>(hmiScreenItem, ""ShowLimitRanges"", false);"
"HmiBar","IsSegmentColoringDisabled","GetPropertyValueWithDefault","bool","ShowLimitRanges","false","HmiBar.cs","373","return HmiScreenItem.GetPropertyValueWithDefault<bool>(hmiScreenItem, ""ShowLimitRanges"", false);"
"HmiBar","IsShowTickLabelsDisabled","GetPropertyValueWithDefault","bool","ShowScale","true","HmiBar.cs","153","return !HmiScreenItem.GetPropertyValueWithDefault<bool>(hmiScreenItem, ""ShowScale"", true);"
"HmiBar","IsUseExponentialFormatDisabled","GetPropertyValueWithDefault","bool","ShowTickLabels","true","HmiBar.cs","165","return !HmiScreenItem.GetPropertyValueWithDefault<bool>(hmiScreenItem, ""ShowTickLabels"", true);"
"HmiBar","IsCountDivisionsDisabled","GetPropertyValueWithDefault","bool","UseAutoScaling","true","HmiBar.cs","214","return HmiScreenItem.GetPropertyValueWithDefault<bool>(hmiScreenItem, ""UseAutoScaling"", true);"
"HmiBar","IsScaleGradationDisabled","GetPropertyValueWithDefault","bool","UseAutoScaling","true","HmiBar.cs","220","return HmiScreenItem.GetPropertyValueWithDefault<bool>(hmiScreenItem, ""UseAutoScaling"", true);"
"HmiBar","IsIntegerDigitsDisabled","GetPropertyValueWithDefault","bool","UseAutoScaling","true","HmiBar.cs","226","return HmiScreenItem.GetPropertyValueWithDefault<bool>(hmiScreenItem, ""UseAutoScaling"", true);"
"HmiBar","IsStyleItemDisabled","GetPropertyValueWithDefault","bool","UseDesignColorSchema","true","HmiBar.cs","129","return !HmiScreenItem.GetPropertyValueWithDefault<bool>(hmiScreenItem, ""UseDesignColorSchema"", true);"
"HmiBar","IsBackFillStyleDisabled","GetPropertyValueWithDefault","bool","UseDesignColorSchema","true","HmiBar.cs","264","return flag3 || (flag && flag2 && HmiScreenItem.GetPropertyValueWithDefault<bool>(hmiScreenItem, ""UseDesignColorSchema"", true));"
"HmiBar","IsBackColorDisabled","GetPropertyValueWithDefault","bool","UseDesignColorSchema","true","HmiBar.cs","273","return flag && flag2 && HmiScreenItem.GetPropertyValueWithDefault<bool>(hmiScreenItem, ""UseDesignColorSchema"", true);"
"HmiBar","IsFillPatternColorDisabled","GetPropertyValueWithDefault","bool","UseDesignColorSchema","true","HmiBar.cs","282","return flag && flag2 && HmiScreenItem.GetPropertyValueWithDefault<bool>(hmiScreenItem, ""UseDesignColorSchema"", true);"
"HmiBar","IsScaleColorDisabled","GetPropertyValueWithDefault","bool","UseDesignColorSchema","true","HmiBar.cs","291","return flag && flag2 && HmiScreenItem.GetPropertyValueWithDefault<bool>(hmiScreenItem, ""UseDesignColorSchema"", true);"
"HmiButton","IsBackColorDisabled","GetPropertyValueWithDefault","FillStyle","BackFillStyle","FillStyle.Solid","HmiButton.cs","1253","bool flag4 = drawingContextType == DrawingContextType.ExtendedDrawingRenderer && (HmiScreenItem.GetPropertyValueWithDefault<FillStyle>(hmiScreenItem, ""BackFillStyle"", FillStyle.Solid) == FillStyle.GradientHorizontal || HmiScreenItem.GetPropertyValueWithDefault<FillStyle>(hmiScreenItem, ""BackFillStyle"", FillStyle.Solid) == FillStyle.GradientVertical);"
"HmiButton","IsBackColorDisabled","GetPropertyValueWithDefault","FillStyle","BackFillStyle","FillStyle.Solid","HmiButton.cs","1253","bool flag4 = drawingContextType == DrawingContextType.ExtendedDrawingRenderer && (HmiScreenItem.GetPropertyValueWithDefault<FillStyle>(hmiScreenItem, ""BackFillStyle"", FillStyle.Solid) == FillStyle.GradientHorizontal || HmiScreenItem.GetPropertyValueWithDefault<FillStyle>(hmiScreenItem, ""BackFillStyle"", FillStyle.Solid) == FillStyle.GradientVertical);"
"HmiButton","IsBackColorDisabled","GetPropertyValueWithDefault","FillStyle","BackFillStyle","FillStyle.Solid","HmiButton.cs","1254","return (HmiScreenItem.GetPropertyValueWithDefault<FillStyle>(hmiScreenItem, ""BackFillStyle"", FillStyle.Solid) == FillStyle.Transparent && drawingContextType == DrawingContextType.ExtendedDrawingRenderer) || flag4 || flag3 || flag2 || buttonType == ButtonType.Invisible;"
"HmiButton","IsGradientInExtendedContextDisabled","GetPropertyValueWithDefault","FillStyle","BackFillStyle","FillStyle.Solid","HmiButton.cs","1391","return HmiScreenItem.GetDrawingContextType(hmiScreenItem) != DrawingContextType.ExtendedDrawingRenderer || (HmiScreenItem.GetPropertyValueWithDefault<FillStyle>(hmiScreenItem, ""BackFillStyle"", FillStyle.Solid) != FillStyle.GradientHorizontal && HmiScreenItem.GetPropertyValueWithDefault<FillStyle>(hmiScreenItem, ""BackFillStyle"", FillStyle.Solid) != FillStyle.GradientVertical);"
"HmiButton","IsGradientInExtendedContextDisabled","GetPropertyValueWithDefault","FillStyle","BackFillStyle","FillStyle.Solid","HmiButton.cs","1391","return HmiScreenItem.GetDrawingContextType(hmiScreenItem) != DrawingContextType.ExtendedDrawingRenderer || (HmiScreenItem.GetPropertyValueWithDefault<FillStyle>(hmiScreenItem, ""BackFillStyle"", FillStyle.Solid) != FillStyle.GradientHorizontal && HmiScreenItem.GetPropertyValueWithDefault<FillStyle>(hmiScreenItem, ""BackFillStyle"", FillStyle.Solid) != FillStyle.GradientVertical);"
"HmiButton","IsFirstGradientDisabled","GetPropertyValueWithDefault","FillStyle","BackFillStyle","FillStyle.Solid","HmiButton.cs","1397","return HmiScreenItem.GetDrawingContextType(hmiScreenItem) != DrawingContextType.ExtendedDrawingRenderer || (HmiScreenItem.GetPropertyValueWithDefault<FillStyle>(hmiScreenItem, ""BackFillStyle"", FillStyle.Solid) != FillStyle.GradientHorizontal && HmiScreenItem.GetPropertyValueWithDefault<FillStyle>(hmiScreenItem, ""BackFillStyle"", FillStyle.Solid) != FillStyle.GradientVertical) || !HmiScreenItem.GetPropertyValueWithDefault<bool>(hmiScreenItem, ""UseFirstGradient"", false);"
"HmiButton","IsFirstGradientDisabled","GetPropertyValueWithDefault","FillStyle","BackFillStyle","FillStyle.Solid","HmiButton.cs","1397","return HmiScreenItem.GetDrawingContextType(hmiScreenItem) != DrawingContextType.ExtendedDrawingRenderer || (HmiScreenItem.GetPropertyValueWithDefault<FillStyle>(hmiScreenItem, ""BackFillStyle"", FillStyle.Solid) != FillStyle.GradientHorizontal && HmiScreenItem.GetPropertyValueWithDefault<FillStyle>(hmiScreenItem, ""BackFillStyle"", FillStyle.Solid) != FillStyle.GradientVertical) || !HmiScreenItem.GetPropertyValueWithDefault<bool>(hmiScreenItem, ""UseFirstGradient"", false);"
"HmiButton","IsSecondGradientDisabled","GetPropertyValueWithDefault","FillStyle","BackFillStyle","FillStyle.Solid","HmiButton.cs","1403","return HmiScreenItem.GetDrawingContextType(hmiScreenItem) != DrawingContextType.ExtendedDrawingRenderer || (HmiScreenItem.GetPropertyValueWithDefault<FillStyle>(hmiScreenItem, ""BackFillStyle"", FillStyle.Solid) != FillStyle.GradientHorizontal && HmiScreenItem.GetPropertyValueWithDefault<FillStyle>(hmiScreenItem, ""BackFillStyle"", FillStyle.Solid) != FillStyle.GradientVertical) || !HmiScreenItem.GetPropertyValueWithDefault<bool>(hmiScreenItem, ""UseSecondGradient"", false);"
"HmiButton","IsSecondGradientDisabled","GetPropertyValueWithDefault","FillStyle","BackFillStyle","FillStyle.Solid","HmiButton.cs","1403","return HmiScreenItem.GetDrawingContextType(hmiScreenItem) != DrawingContextType.ExtendedDrawingRenderer || (HmiScreenItem.GetPropertyValueWithDefault<FillStyle>(hmiScreenItem, ""BackFillStyle"", FillStyle.Solid) != FillStyle.GradientHorizontal && HmiScreenItem.GetPropertyValueWithDefault<FillStyle>(hmiScreenItem, ""BackFillStyle"", FillStyle.Solid) != FillStyle.GradientVertical) || !HmiScreenItem.GetPropertyValueWithDefault<bool>(hmiScreenItem, ""UseSecondGradient"", false);"
"HmiButton","IsBorderBackColorDisabled","GetPropertyValueWithDefault","int","BorderWidth","1","HmiButton.cs","1358","return (HmiScreenItem.GetPropertyValueWithDefault<int>(hmiScreenItem, ""BorderWidth"", 1) > 1 && flag && !flag2) || flag4 || flag3;"
"HmiButton","IsDrawInsideFrameDisabled","GetPropertyValueWithDefault","int","BorderWidth","1","HmiButton.cs","1384","bool flag4 = HmiScreenItem.GetPropertyValueWithDefault<int>(hmiScreenItem, ""BorderWidth"", 1) < 2;"
"HmiButton","IsCornerStyleDisabled","GetPropertyValueWithDefault","bool","DrawInsideFrame","true","HmiButton.cs","1371","return (drawingContextType == DrawingContextType.ThemingDrawingRenderer && HmiScreenItem.GetPropertyValueWithDefault<bool>(hmiScreenItem, ""DrawInsideFrame"", true)) || flag3 || flag2;"
"HmiButton","IsDrawInsideFrameDisabled","GetPropertyValueWithDefault","LineStyle","EdgeStyle","LineStyle.Solid","HmiButton.cs","1385","return (!flag && HmiScreenItem.GetPropertyValueWithDefault<LineStyle>(hmiScreenItem, ""EdgeStyle"", LineStyle.Solid) > LineStyle.Solid) || flag4 || flag3 || flag2;"
"HmiButton","IsFocusColorDisabled","GetPropertyValueWithDefault","int","FocusWidth","1","HmiButton.cs","1437","return HmiScreenItem.GetPropertyValueWithDefault<int>(hmiScreenItem, ""FocusWidth"", 1) == 0;"
"HmiButton","IsFillingDirectionDisabled","GetPropertyValueWithDefault","bool","ShowFillLevel","false","HmiButton.cs","1336","return !HmiScreenItem.GetPropertyValueWithDefault<bool>(hmiScreenItem, ""ShowFillLevel"", false) || HmiButton.AreGlobalDesignDependentOrWindowsStyleDependentPropertiesDisabled(hmiScreenItem);"
"HmiButton","IsBackColorDisabled","GetPropertyValueWithDefault","WinCCStyle","StyleSettings","WinCCStyle.GlobalDesign","HmiButton.cs","1249","WinCCStyle propertyValueWithDefault = HmiScreenItem.GetPropertyValueWithDefault<WinCCStyle>(hmiScreenItem, ""StyleSettings"", WinCCStyle.GlobalDesign);"
"HmiButton","IsEdgeStyleDisabled","GetPropertyValueWithDefault","WinCCStyle","StyleSettings","WinCCStyle.GlobalDesign","HmiButton.cs","1272","WinCCStyle propertyValueWithDefault = HmiScreenItem.GetPropertyValueWithDefault<WinCCStyle>(hmiScreenItem, ""StyleSettings"", WinCCStyle.GlobalDesign);"
"HmiButton","AreFillPropertiesDisabled","GetPropertyValueWithDefault","WinCCStyle","StyleSettings","WinCCStyle.GlobalDesign","HmiButton.cs","1314","WinCCStyle propertyValueWithDefault = HmiScreenItem.GetPropertyValueWithDefault<WinCCStyle>(hmiScreenItem, ""StyleSettings"", WinCCStyle.GlobalDesign);"
"HmiButton","AreGlobalDesignDependentOrWindowsStyleDependentPropertiesDisabled","GetPropertyValueWithDefault","WinCCStyle","StyleSettings","WinCCStyle.GlobalDesign","HmiButton.cs","1327","WinCCStyle propertyValueWithDefault = HmiScreenItem.GetPropertyValueWithDefault<WinCCStyle>(hmiScreenItem, ""StyleSettings"", WinCCStyle.GlobalDesign);"
"HmiButton","IsBorderBackColorDisabled","GetPropertyValueWithDefault","WinCCStyle","StyleSettings","WinCCStyle.GlobalDesign","HmiButton.cs","1355","WinCCStyle propertyValueWithDefault = HmiScreenItem.GetPropertyValueWithDefault<WinCCStyle>(hmiScreenItem, ""StyleSettings"", WinCCStyle.GlobalDesign);"
"HmiButton","IsCornerStyleDisabled","GetPropertyValueWithDefault","WinCCStyle","StyleSettings","WinCCStyle.GlobalDesign","HmiButton.cs","1367","WinCCStyle propertyValueWithDefault = HmiScreenItem.GetPropertyValueWithDefault<WinCCStyle>(hmiScreenItem, ""StyleSettings"", WinCCStyle.GlobalDesign);"
"HmiButton","IsDrawInsideFrameDisabled","GetPropertyValueWithDefault","WinCCStyle","StyleSettings","WinCCStyle.GlobalDesign","HmiButton.cs","1380","WinCCStyle propertyValueWithDefault = HmiScreenItem.GetPropertyValueWithDefault<WinCCStyle>(hmiScreenItem, ""StyleSettings"", WinCCStyle.GlobalDesign);"
"HmiButton","IsStyleItemDisabled","GetPropertyValueWithDefault","bool","UseDesignColorSchema","true","HmiButton.cs","1135","return !HmiScreenItem.GetPropertyValueWithDefault<bool>(hmiScreenItem, ""UseDesignColorSchema"", true);"
"HmiButton","IsBackColorDisabled","GetPropertyValueWithDefault","bool","UseDesignColorSchema","true","HmiButton.cs","1251","bool flag2 = obj2 != null && HmiScreenItem.IsThemingEnabled(hmiScreenItem) && HmiScreenItem.GetPropertyValueWithDefault<bool>(hmiScreenItem, ""UseDesignColorSchema"", true);"
"HmiButton","IsForeColorDisabled","GetPropertyValueWithDefault","bool","UseDesignColorSchema","true","HmiButton.cs","1262","return ((drawingContextType == DrawingContextType.ThemingDrawingRenderer || drawingContextType == DrawingContextType.ComplexDrawingRenderer) && HmiScreenItem.IsThemingEnabled(hmiScreenItem) && HmiScreenItem.GetPropertyValueWithDefault<bool>(hmiScreenItem, ""UseDesignColorSchema"", true)) || buttonType == ButtonType.Invisible;"
"HmiButton","AreFillPropertiesDisabled","GetPropertyValueWithDefault","bool","UseDesignColorSchema","true","HmiButton.cs","1316","bool flag2 = obj2 != null && HmiScreenItem.IsThemingEnabled(hmiScreenItem) && HmiScreenItem.GetPropertyValueWithDefault<bool>(hmiScreenItem, ""UseDesignColorSchema"", true);"
"HmiButton","IsFirstGradientDisabled","GetPropertyValueWithDefault","bool","UseFirstGradient","false","HmiButton.cs","1397","return HmiScreenItem.GetDrawingContextType(hmiScreenItem) != DrawingContextType.ExtendedDrawingRenderer || (HmiScreenItem.GetPropertyValueWithDefault<FillStyle>(hmiScreenItem, ""BackFillStyle"", FillStyle.Solid) != FillStyle.GradientHorizontal && HmiScreenItem.GetPropertyValueWithDefault<FillStyle>(hmiScreenItem, ""BackFillStyle"", FillStyle.Solid) != FillStyle.GradientVertical) || !HmiScreenItem.GetPropertyValueWithDefault<bool>(hmiScreenItem, ""UseFirstGradient"", false);"
"HmiButton","IsSecondGradientDisabled","GetPropertyValueWithDefault","bool","UseSecondGradient","false","HmiButton.cs","1403","return HmiScreenItem.GetDrawingContextType(hmiScreenItem) != DrawingContextType.ExtendedDrawingRenderer || (HmiScreenItem.GetPropertyValueWithDefault<FillStyle>(hmiScreenItem, ""BackFillStyle"", FillStyle.Solid) != FillStyle.GradientHorizontal && HmiScreenItem.GetPropertyValueWithDefault<FillStyle>(hmiScreenItem, ""BackFillStyle"", FillStyle.Solid) != FillStyle.GradientVertical) || !HmiScreenItem.GetPropertyValueWithDefault<bool>(hmiScreenItem, ""UseSecondGradient"", false);"
"HmiButton","IsBackColorDisabled","GetPropertyValueWithDefault","bool","WindowsStyle","true","HmiButton.cs","1252","bool flag3 = obj2 != null && ((flag && propertyValueWithDefault == WinCCStyle.WindowsStyle) || (!flag && HmiScreenItem.GetPropertyValueWithDefault<bool>(hmiScreenItem, ""WindowsStyle"", true)));"
"HmiButton","IsEdgeStyleDisabled","GetPropertyValueWithDefault","bool","WindowsStyle","true","HmiButton.cs","1274","bool flag2 = obj2 != null && ((flag && propertyValueWithDefault == WinCCStyle.WindowsStyle) || (!flag && HmiScreenItem.GetPropertyValueWithDefault<bool>(hmiScreenItem, ""WindowsStyle"", true)));"
"HmiButton","AreFillPropertiesDisabled","GetPropertyValueWithDefault","bool","WindowsStyle","true","HmiButton.cs","1317","bool flag3 = obj2 != null && ((flag && propertyValueWithDefault == WinCCStyle.WindowsStyle) || (!flag && HmiScreenItem.GetPropertyValueWithDefault<bool>(hmiScreenItem, ""WindowsStyle"", true)));"
"HmiButton","AreGlobalDesignDependentOrWindowsStyleDependentPropertiesDisabled","GetPropertyValueWithDefault","bool","WindowsStyle","true","HmiButton.cs","1329","bool flag2 = obj2 != null && ((flag && propertyValueWithDefault == WinCCStyle.WindowsStyle) || (!flag && HmiScreenItem.GetPropertyValueWithDefault<bool>(hmiScreenItem, ""WindowsStyle"", true)));"
"HmiButton","IsBorderBackColorDisabled","GetPropertyValueWithDefault","bool","WindowsStyle","true","HmiButton.cs","1356","bool flag3 = flag && ((flag2 && propertyValueWithDefault == WinCCStyle.WindowsStyle) || (!flag2 && HmiScreenItem.GetPropertyValueWithDefault<bool>(hmiScreenItem, ""WindowsStyle"", true)));"
"HmiButton","IsCornerStyleDisabled","GetPropertyValueWithDefault","bool","WindowsStyle","true","HmiButton.cs","1369","bool flag2 = obj2 != null && ((flag && propertyValueWithDefault == WinCCStyle.WindowsStyle) || (!flag && HmiScreenItem.GetPropertyValueWithDefault<bool>(hmiScreenItem, ""WindowsStyle"", true)));"
"HmiButton","IsDrawInsideFrameDisabled","GetPropertyValueWithDefault","bool","WindowsStyle","true","HmiButton.cs","1382","bool flag2 = obj2 != null && ((flag && propertyValueWithDefault == WinCCStyle.WindowsStyle) || (!flag && HmiScreenItem.GetPropertyValueWithDefault<bool>(hmiScreenItem, ""WindowsStyle"", true)));"
"HmiCameraControl","IsMaintainAspectRatioDisabled","GetPropertyValueWithDefault","bool","MaintainOriginalSize","true","HmiCameraControl.cs","223","return HmiScreenItem.GetPropertyValueWithDefault<bool>(hmiScreenItem, ""MaintainOriginalSize"", true);"
"HmiCircle","IsBorderBackColorDisabled","GetPropertyValueWithDefault","int","BorderWidth","1","HmiCircle.cs","169","return flag && ((!flag2 && HmiScreenItem.GetPropertyValueWithDefault<int>(hmiScreenItem, ""BorderWidth"", 1) > 1) || (flag2 && HmiScreenItem.GetPropertyValueWithDefault<bool>(hmiScreenItem, ""UseDesignColorSchema"", true)));"
"HmiCircle","IsDrawInsideFrameDisabled","GetPropertyValueWithDefault","int","BorderWidth","1","HmiCircle.cs","189","bool flag2 = HmiScreenItem.GetPropertyValueWithDefault<int>(hmiScreenItem, ""BorderWidth"", 1) < 2;"
"HmiCircle","IsFillingDirectionDisabled","GetPropertyValueWithDefault","bool","ShowFillLevel","false","HmiCircle.cs","203","return !HmiScreenItem.GetPropertyValueWithDefault<bool>(hmiScreenItem, ""ShowFillLevel"", false);"
"HmiCircle","IsStyleItemDisabled","GetPropertyValueWithDefault","bool","UseDesignColorSchema","true","HmiCircle.cs","104","return !HmiScreenItem.GetPropertyValueWithDefault<bool>(hmiScreenItem, ""UseDesignColorSchema"", true);"
"HmiCircle","IsBackFillStyleDisabled","GetPropertyValueWithDefault","bool","UseDesignColorSchema","true","HmiCircle.cs","138","return flag && flag2 && HmiScreenItem.GetPropertyValueWithDefault<bool>(hmiScreenItem, ""UseDesignColorSchema"", true);"
"HmiCircle","IsBackColorDisabled","GetPropertyValueWithDefault","bool","UseDesignColorSchema","true","HmiCircle.cs","147","return flag && flag2 && HmiScreenItem.GetPropertyValueWithDefault<bool>(hmiScreenItem, ""UseDesignColorSchema"", true);"
"HmiCircle","IsFillPatternColorDisabled","GetPropertyValueWithDefault","bool","UseDesignColorSchema","true","HmiCircle.cs","156","return flag && flag2 && HmiScreenItem.GetPropertyValueWithDefault<bool>(hmiScreenItem, ""UseDesignColorSchema"", true);"
"HmiCircle","IsBorderBackColorDisabled","GetPropertyValueWithDefault","bool","UseDesignColorSchema","true","HmiCircle.cs","169","return flag && ((!flag2 && HmiScreenItem.GetPropertyValueWithDefault<int>(hmiScreenItem, ""BorderWidth"", 1) > 1) || (flag2 && HmiScreenItem.GetPropertyValueWithDefault<bool>(hmiScreenItem, ""UseDesignColorSchema"", true)));"
"HmiCircle","IsBorderColorDisabled","GetPropertyValueWithDefault","bool","UseDesignColorSchema","true","HmiCircle.cs","182","return flag && flag2 && HmiScreenItem.GetPropertyValueWithDefault<bool>(hmiScreenItem, ""UseDesignColorSchema"", true);"
"HmiCircleSegment","IsBorderBackColorDisabled","GetPropertyValueWithDefault","int","BorderWidth","1","HmiCircleSegment.cs","53","return (!flag && HmiScreenItem.GetPropertyValueWithDefault<int>(hmiScreenItem, ""BorderWidth"", 1) > 1) || (flag && HmiScreenItem.GetPropertyValueWithDefault<bool>(hmiScreenItem, ""UseDesignColorSchema"", true));"
"HmiCircleSegment","IsDrawInsideFrameDisabled","GetPropertyValueWithDefault","int","BorderWidth","1","HmiCircleSegment.cs","66","bool flag2 = HmiScreenItem.GetPropertyValueWithDefault<int>(hmiScreenItem, ""BorderWidth"", 1) < 2;"
"HmiCircleSegment","IsFillingDirectionDisabled","GetPropertyValueWithDefault","bool","ShowFillLevel","false","HmiCircleSegment.cs","73","return !HmiScreenItem.GetPropertyValueWithDefault<bool>(hmiScreenItem, ""ShowFillLevel"", false);"
"HmiCircleSegment","IsBackFillStyleDisabled","GetPropertyValueWithDefault","bool","UseDesignColorSchema","true","HmiCircleSegment.cs","30","return HmiScreenItem.IsThemingEnabled(hmiScreenItem) && HmiScreenItem.GetPropertyValueWithDefault<bool>(hmiScreenItem, ""UseDesignColorSchema"", true);"
"HmiCircleSegment","IsBackColorDisabled","GetPropertyValueWithDefault","bool","UseDesignColorSchema","true","HmiCircleSegment.cs","36","return HmiScreenItem.IsThemingEnabled(hmiScreenItem) && HmiScreenItem.GetPropertyValueWithDefault<bool>(hmiScreenItem, ""UseDesignColorSchema"", true);"
"HmiCircleSegment","IsFillPatternColorDisabled","GetPropertyValueWithDefault","bool","UseDesignColorSchema","true","HmiCircleSegment.cs","42","return HmiScreenItem.IsThemingEnabled(hmiScreenItem) && HmiScreenItem.GetPropertyValueWithDefault<bool>(hmiScreenItem, ""UseDesignColorSchema"", true);"
"HmiCircleSegment","IsBorderBackColorDisabled","GetPropertyValueWithDefault","bool","UseDesignColorSchema","true","HmiCircleSegment.cs","53","return (!flag && HmiScreenItem.GetPropertyValueWithDefault<int>(hmiScreenItem, ""BorderWidth"", 1) > 1) || (flag && HmiScreenItem.GetPropertyValueWithDefault<bool>(hmiScreenItem, ""UseDesignColorSchema"", true));"
"HmiCircleSegment","IsBorderColorDisabled","GetPropertyValueWithDefault","bool","UseDesignColorSchema","true","HmiCircleSegment.cs","59","return HmiScreenItem.IsBorderColorDisabledGeneral(hmiScreenItem) || (HmiScreenItem.IsThemingEnabled(hmiScreenItem) && HmiScreenItem.GetPropertyValueWithDefault<bool>(hmiScreenItem, ""UseDesignColorSchema"", true));"
"HmiCircularBase","IsCornerStyleDisabled","GetPropertyValueWithDefault","bool","DrawInsideFrame","true","HmiCircularBase.cs","262","return HmiScreenItem.IsThemingEnabled(hmiScreenItem) && HmiScreenItem.GetPropertyValueWithDefault<bool>(hmiScreenItem, ""DrawInsideFrame"", true);"
"HmiClock","IsLockSquaredExtentDisabled","GetPropertyValueWithDefault","bool","Analog","true","HmiClock.cs","129","return !HmiScreenItem.GetPropertyValueWithDefault<bool>(hmiScreenItem, ""Analog"", true);"
"HmiClock","IsShowTicksDisabled","GetPropertyValueWithDefault","bool","Analog","true","HmiClock.cs","135","return !HmiScreenItem.GetPropertyValueWithDefault<bool>(hmiScreenItem, ""Analog"", true);"
"HmiClock","IsTicksColorDisabled","GetPropertyValueWithDefault","bool","Analog","true","HmiClock.cs","141","return !HmiScreenItem.GetPropertyValueWithDefault<bool>(hmiScreenItem, ""Analog"", true);"
"HmiClock","IsNeedleColorDisabled","GetPropertyValueWithDefault","bool","Analog","true","HmiClock.cs","147","return !HmiScreenItem.GetPropertyValueWithDefault<bool>(hmiScreenItem, ""Analog"", true);"
"HmiClock","IsNeedleFillStyleDisabled","GetPropertyValueWithDefault","bool","Analog","true","HmiClock.cs","153","return !HmiScreenItem.GetPropertyValueWithDefault<bool>(hmiScreenItem, ""Analog"", true);"
"HmiClock","IsBorderBackColorDisabled","GetPropertyValueWithDefault","bool","Analog","true","HmiClock.cs","159","return !HmiScreenItem.GetPropertyValueWithDefault<bool>(hmiScreenItem, ""Analog"", true) || HmiScreenItem.IsBorderBackColorDisabledGeneral(hmiScreenItem);"
"HmiClock","IsBorderColorDisabled","GetPropertyValueWithDefault","bool","Analog","true","HmiClock.cs","165","return !HmiScreenItem.GetPropertyValueWithDefault<bool>(hmiScreenItem, ""Analog"", true) || HmiScreenItem.IsBorderColorDisabledGeneral(hmiScreenItem);"
"HmiClock","IsTickStyleDisabled","GetPropertyValueWithDefault","bool","Analog","true","HmiClock.cs","177","return !HmiScreenItem.GetPropertyValueWithDefault<bool>(hmiScreenItem, ""Analog"", true);"
"HmiClock","IsNumberStyleDisabled","GetPropertyValueWithDefault","bool","Analog","true","HmiClock.cs","183","return !HmiScreenItem.GetPropertyValueWithDefault<bool>(hmiScreenItem, ""Analog"", true);"
"HmiClock","IsBorderWidthDisabled","GetPropertyValueWithDefault","bool","Analog","true","HmiClock.cs","189","return !HmiScreenItem.GetPropertyValueWithDefault<bool>(hmiScreenItem, ""Analog"", true);"
"HmiClock","IsCornerRadiusDisabled","GetPropertyValueWithDefault","bool","Analog","true","HmiClock.cs","195","return !HmiScreenItem.GetPropertyValueWithDefault<bool>(hmiScreenItem, ""Analog"", true);"
"HmiClock","IsEdgeStyleDisabled","GetPropertyValueWithDefault","bool","Analog","true","HmiClock.cs","201","return !HmiScreenItem.GetPropertyValueWithDefault<bool>(hmiScreenItem, ""Analog"", true);"
"HmiClock","IsTickDistanceDisabled","GetPropertyValueWithDefault","bool","Analog","true","HmiClock.cs","207","return !HmiScreenItem.GetPropertyValueWithDefault<bool>(hmiScreenItem, ""Analog"", true);"
"HmiClock","IsHourNeedleHeightDisabled","GetPropertyValueWithDefault","bool","Analog","true","HmiClock.cs","213","return !HmiScreenItem.GetPropertyValueWithDefault<bool>(hmiScreenItem, ""Analog"", true);"
"HmiClock","IsMinuteNeedleHeightDisabled","GetPropertyValueWithDefault","bool","Analog","true","HmiClock.cs","219","return !HmiScreenItem.GetPropertyValueWithDefault<bool>(hmiScreenItem, ""Analog"", true);"
"HmiClock","IsSecondNeedleHeightDisabled","GetPropertyValueWithDefault","bool","Analog","true","HmiClock.cs","225","return !HmiScreenItem.GetPropertyValueWithDefault<bool>(hmiScreenItem, ""Analog"", true);"
"HmiClock","IsHourNeedleWidthDisabled","GetPropertyValueWithDefault","bool","Analog","true","HmiClock.cs","245","int propertyValueWithDefault = (HmiScreenItem.GetPropertyValueWithDefault<bool>(hmiScreenItem, ""Analog"", true) ? 1 : 0);"
"HmiClock","IsMinuteNeedleWidthDisabled","GetPropertyValueWithDefault","bool","Analog","true","HmiClock.cs","253","int propertyValueWithDefault = (HmiScreenItem.GetPropertyValueWithDefault<bool>(hmiScreenItem, ""Analog"", true) ? 1 : 0);"
"HmiClock","IsSecondNeedleWidthDisabled","GetPropertyValueWithDefault","bool","Analog","true","HmiClock.cs","261","int propertyValueWithDefault = (HmiScreenItem.GetPropertyValueWithDefault<bool>(hmiScreenItem, ""Analog"", true) ? 1 : 0);"
"HmiClock","IsFontDisabled","GetPropertyValueWithDefault","bool","Analog","true","HmiClock.cs","277","return HmiScreenItem.GetPropertyValueWithDefault<bool>(hmiScreenItem, ""Analog"", true) && (drawingContextType != DrawingContextType.ExtendedDrawingRenderer || propertyValueWithDefault == ClockNumberStyle.NoNumber);"
"HmiClock","IsFontDisabled","GetPropertyValueWithDefault","ClockNumberStyle","NumberStyle","ClockNumberStyle.NoNumber","HmiClock.cs","276","ClockNumberStyle propertyValueWithDefault = HmiScreenItem.GetPropertyValueWithDefault<ClockNumberStyle>(hmiScreenItem, ""NumberStyle"", ClockNumberStyle.NoNumber);"
"HmiClock","IsStyleItemDisabled","GetPropertyValueWithDefault","bool","UseDesignColorSchema","true","HmiClock.cs","123","return !HmiScreenItem.GetPropertyValueWithDefault<bool>(hmiScreenItem, ""UseDesignColorSchema"", true);"
"HmiClock","IsNeedleBorderColorDisabled","GetPropertyValueWithDefault","bool","UseDesignColorSchema","true","HmiClock.cs","171","return hmiScreenItem.IsSCADARuntime() && HmiScreenItem.IsThemingEnabled(hmiScreenItem) && HmiScreenItem.GetPropertyValueWithDefault<bool>(hmiScreenItem, ""UseDesignColorSchema"", true);"
"HmiClock","IsDialColorDisabled","GetPropertyValueWithDefault","bool","UseDesignColorSchema","true","HmiClock.cs","269","return hmiScreenItem.IsSCADARuntime() && HmiScreenItem.IsThemingEnabled(hmiScreenItem) && HmiScreenItem.GetPropertyValueWithDefault<bool>(hmiScreenItem, ""UseDesignColorSchema"", true);"
"HmiDateTimeField","IsLongDateTimeFormatDisabled","GetPropertyValueWithDefault","bool","ShowDate","true","HmiDateTimeField.cs","792","return (!HmiScreenItem.GetPropertyValueWithDefault<bool>(hmiScreenItem, ""ShowDate"", true) && dateTimeType == DateTimeType.Output) || dateTimeType == DateTimeType.InOutput;"
"HmiDateTimeField","IsStyleItemDisabled","GetPropertyValueWithDefault","bool","UseDesignColorSchema","true","HmiDateTimeField.cs","686","return !HmiScreenItem.GetPropertyValueWithDefault<bool>(hmiScreenItem, ""UseDesignColorSchema"", true);"
"HmiEllipse","IsFillingDirectionDisabled","GetPropertyValueWithDefault","bool","ShowFillLevel","false","HmiEllipse.cs","152","return !HmiScreenItem.GetPropertyValueWithDefault<bool>(hmiScreenItem, ""ShowFillLevel"", false);"
"HmiEllipse","IsStyleItemDisabled","GetPropertyValueWithDefault","bool","UseDesignColorSchema","true","HmiEllipse.cs","53","return !HmiScreenItem.GetPropertyValueWithDefault<bool>(hmiScreenItem, ""UseDesignColorSchema"", true);"
"HmiEllipse","IsBackFillStyleDisabled","GetPropertyValueWithDefault","bool","UseDesignColorSchema","true","HmiEllipse.cs","87","return flag && flag2 && HmiScreenItem.GetPropertyValueWithDefault<bool>(hmiScreenItem, ""UseDesignColorSchema"", true);"
"HmiEllipse","IsBackColorDisabled","GetPropertyValueWithDefault","bool","UseDesignColorSchema","true","HmiEllipse.cs","96","return flag && flag2 && HmiScreenItem.GetPropertyValueWithDefault<bool>(hmiScreenItem, ""UseDesignColorSchema"", true);"
"HmiEllipse","IsFillPatternColorDisabled","GetPropertyValueWithDefault","bool","UseDesignColorSchema","true","HmiEllipse.cs","105","return flag && flag2 && HmiScreenItem.GetPropertyValueWithDefault<bool>(hmiScreenItem, ""UseDesignColorSchema"", true);"
"HmiEllipse","IsBorderBackColorDisabled","GetPropertyValueWithDefault","bool","UseDesignColorSchema","true","HmiEllipse.cs","118","return flag && ((!flag2 && (int)((IPropertyAccess)hmiScreenItem.InstanceProxy)[""BorderWidth""] > 1) || (flag2 && HmiScreenItem.GetPropertyValueWithDefault<bool>(hmiScreenItem, ""UseDesignColorSchema"", true)));"
"HmiEllipse","IsBorderColorDisabled","GetPropertyValueWithDefault","bool","UseDesignColorSchema","true","HmiEllipse.cs","131","return flag && flag2 && HmiScreenItem.GetPropertyValueWithDefault<bool>(hmiScreenItem, ""UseDesignColorSchema"", true);"
"HmiEllipseSegment","IsFillingDirectionDisabled","GetPropertyValueWithDefault","bool","ShowFillLevel","false","HmiEllipseSegment.cs","73","return !HmiScreenItem.GetPropertyValueWithDefault<bool>(hmiScreenItem, ""ShowFillLevel"", false);"
"HmiEllipseSegment","IsBackFillStyleDisabled","GetPropertyValueWithDefault","bool","UseDesignColorSchema","true","HmiEllipseSegment.cs","30","return HmiScreenItem.IsThemingEnabled(hmiScreenItem) && HmiScreenItem.GetPropertyValueWithDefault<bool>(hmiScreenItem, ""UseDesignColorSchema"", true);"
"HmiEllipseSegment","IsBackColorDisabled","GetPropertyValueWithDefault","bool","UseDesignColorSchema","true","HmiEllipseSegment.cs","36","return HmiScreenItem.IsThemingEnabled(hmiScreenItem) && HmiScreenItem.GetPropertyValueWithDefault<bool>(hmiScreenItem, ""UseDesignColorSchema"", true);"
"HmiEllipseSegment","IsFillPatternColorDisabled","GetPropertyValueWithDefault","bool","UseDesignColorSchema","true","HmiEllipseSegment.cs","42","return HmiScreenItem.IsThemingEnabled(hmiScreenItem) && HmiScreenItem.GetPropertyValueWithDefault<bool>(hmiScreenItem, ""UseDesignColorSchema"", true);"
"HmiEllipseSegment","IsBorderBackColorDisabled","GetPropertyValueWithDefault","bool","UseDesignColorSchema","true","HmiEllipseSegment.cs","53","return (!flag && (int)((IPropertyAccess)hmiScreenItem.InstanceProxy)[""BorderWidth""] > 1) || (flag && HmiScreenItem.GetPropertyValueWithDefault<bool>(hmiScreenItem, ""UseDesignColorSchema"", true));"
"HmiEllipseSegment","IsBorderColorDisabled","GetPropertyValueWithDefault","bool","UseDesignColorSchema","true","HmiEllipseSegment.cs","59","return HmiScreenItem.IsBorderColorDisabledGeneral(hmiScreenItem) || (HmiScreenItem.IsThemingEnabled(hmiScreenItem) && HmiScreenItem.GetPropertyValueWithDefault<bool>(hmiScreenItem, ""UseDesignColorSchema"", true));"
"HmiEllipticalArc","IsColorDisabled","GetPropertyValueWithDefault","bool","UseDesignColorSchema","true","HmiEllipticalArc.cs","27","return HmiScreenItem.IsColorDisabledGeneral(hmiScreenItem) || (HmiScreenItem.IsThemingEnabled(hmiScreenItem) && HmiScreenItem.GetPropertyValueWithDefault<bool>(hmiScreenItem, ""UseDesignColorSchema"", true));"
"HmiEllipticalArc","IsBackColorDisabled","GetPropertyValueWithDefault","bool","UseDesignColorSchema","true","HmiEllipticalArc.cs","38","return (!flag && (int)((IPropertyAccess)hmiScreenItem.InstanceProxy)[""LineWidth""] > 1) || (flag && HmiScreenItem.GetPropertyValueWithDefault<bool>(hmiScreenItem, ""UseDesignColorSchema"", true));"
"HmiEllipticalBase","IsCornerStyleDisabled","GetPropertyValueWithDefault","bool","DrawInsideFrame","true","HmiEllipticalBase.cs","207","return HmiScreenItem.IsThemingEnabled(hmiScreenItem) && HmiScreenItem.GetPropertyValueWithDefault<bool>(hmiScreenItem, ""DrawInsideFrame"", true);"
"HmiGauge","IsInnerDialColorDisabled","GetPropertyValueWithDefault","bool","ShowInnerDial","false","HmiGauge.cs","283","return (!HmiScreenItem.GetPropertyValueWithDefault<bool>(hmiScreenItem, ""ShowInnerDial"", false) && drawingContextTypeDependingOnCompatibilityMode == DrawingContextType.ExtendedDrawingRenderer) || drawingContextTypeDependingOnCompatibilityMode == DrawingContextType.SimpleGdiDrawingRenderer;"
"HmiGauge","IsInnerDialInnerDistanceDisabled","GetPropertyValueWithDefault","bool","ShowInnerDial","false","HmiGauge.cs","290","return (!HmiScreenItem.GetPropertyValueWithDefault<bool>(hmiScreenItem, ""ShowInnerDial"", false) && drawingContextTypeDependingOnCompatibilityMode == DrawingContextType.ExtendedDrawingRenderer) || (drawingContextTypeDependingOnCompatibilityMode != DrawingContextType.ExtendedDrawingRenderer && drawingContextTypeDependingOnCompatibilityMode == DrawingContextType.SimpleGdiDrawingRenderer);"
"HmiGauge","IsInnerDialOuterDistanceDisabled","GetPropertyValueWithDefault","bool","ShowInnerDial","false","HmiGauge.cs","297","return (!HmiScreenItem.GetPropertyValueWithDefault<bool>(hmiScreenItem, ""ShowInnerDial"", false) && drawingContextTypeDependingOnCompatibilityMode == DrawingContextType.ExtendedDrawingRenderer) || (drawingContextTypeDependingOnCompatibilityMode != DrawingContextType.ExtendedDrawingRenderer && drawingContextTypeDependingOnCompatibilityMode == DrawingContextType.SimpleGdiDrawingRenderer);"
"HmiGauge","IsStyleItemDisabled","GetPropertyValueWithDefault","bool","UseDesignColorSchema","true","HmiGauge.cs","228","return !HmiScreenItem.GetPropertyValueWithDefault<bool>(hmiScreenItem, ""UseDesignColorSchema"", true);"
"HmiGauge","IsScaleLabelColorDisabled","GetPropertyValueWithDefault","bool","UseDesignColorSchema","true","HmiGauge.cs","258","return HmiScreenItem.IsThemingEnabled(hmiScreenItem) && HmiScreenItem.GetPropertyValueWithDefault<bool>(hmiScreenItem, ""UseDesignColorSchema"", true);"
"HmiGauge","IsBackColorDisabled","GetPropertyValueWithDefault","bool","UseDesignColorSchema","true","HmiGauge.cs","264","return HmiScreenItem.IsThemingEnabled(hmiScreenItem) && HmiScreenItem.GetPropertyValueWithDefault<bool>(hmiScreenItem, ""UseDesignColorSchema"", true);"
"HmiGauge","IsDialColorDisabled","GetPropertyValueWithDefault","bool","UseDesignColorSchema","true","HmiGauge.cs","270","return HmiScreenItem.IsThemingEnabled(hmiScreenItem) && HmiScreenItem.GetPropertyValueWithDefault<bool>(hmiScreenItem, ""UseDesignColorSchema"", true);"
"HmiGraphicIOField","IsCornerStyleDisabled","GetPropertyValueWithDefault","bool","DrawInsideFrame","true","HmiGraphicIOField.cs","660","return HmiScreenItem.GetDrawingContextType(hmiScreenItem) == DrawingContextType.ThemingDrawingRenderer && HmiScreenItem.GetPropertyValueWithDefault<bool>(hmiScreenItem, ""DrawInsideFrame"", true);"
"HmiGraphicIOField","IsFlashingOnLimitViolationDisabled","GetPropertyValueWithDefault","FlashingType","Flashing","FlashingType.None","HmiGraphicIOField.cs","506","return ((graphicIOFieldType == GraphicIOFieldType.Output || graphicIOFieldType == GraphicIOFieldType.InOutput || graphicIOFieldType == GraphicIOFieldType.Input) && ((AutoSizingType)((IPropertyAccess)hmiScreenItem.InstanceProxy)[""AutoSizing""] == AutoSizingType.StretchPicture || HmiScreenItem.GetPropertyValueWithDefault<FlashingType>(hmiScreenItem, ""Flashing"", FlashingType.None) != FlashingType.None)) || graphicIOFieldType == GraphicIOFieldType.TwoState;"
"HmiGraphicIOField","IsBorderFlashingColorOffDisabled","GetPropertyValueWithDefault","FlashingType","Flashing","FlashingType.None","HmiGraphicIOField.cs","636","return HmiScreenItem.GetPropertyValueWithDefault<FlashingType>(hmiScreenItem, ""Flashing"", FlashingType.None) != FlashingType.Advanced;"
"HmiGraphicIOField","IsBorderFlashingColorOnDisabled","GetPropertyValueWithDefault","FlashingType","Flashing","FlashingType.None","HmiGraphicIOField.cs","642","return HmiScreenItem.GetPropertyValueWithDefault<FlashingType>(hmiScreenItem, ""Flashing"", FlashingType.None) != FlashingType.Advanced;"
"HmiGraphicIOField","IsBorderFlashingRateDisabled","GetPropertyValueWithDefault","FlashingType","Flashing","FlashingType.None","HmiGraphicIOField.cs","648","return HmiScreenItem.GetPropertyValueWithDefault<FlashingType>(hmiScreenItem, ""Flashing"", FlashingType.None) != FlashingType.Advanced;"
"HmiGraphicIOField","IsBorderFlashingEnabledDisabled","GetPropertyValueWithDefault","FlashingType","Flashing","FlashingType.None","HmiGraphicIOField.cs","654","return HmiScreenItem.GetPropertyValueWithDefault<FlashingType>(hmiScreenItem, ""Flashing"", FlashingType.None) != FlashingType.Advanced;"
"HmiGraphicIOField","IsFlashingDisabled","GetPropertyValueWithDefault","bool","FlashingOnLimitViolation","false","HmiGraphicIOField.cs","514","return (HmiScreenItem.GetPropertyValueWithDefault<bool>(hmiScreenItem, ""FlashingOnLimitViolation"", false) && (graphicIOFieldType == GraphicIOFieldType.Output || graphicIOFieldType == GraphicIOFieldType.InOutput || graphicIOFieldType == GraphicIOFieldType.Input)) || (hmiScreenItem.IsModuleDevice() && flag) || graphicIOFieldType == GraphicIOFieldType.TwoState;"
"HmiGraphicIOField","IsBitNumberDisabled","GetPropertyValueWithDefault","HmiObjectHandle","PictureList","HmiObjectHandle.Empty","HmiGraphicIOField.cs","493","HmiObjectHandle propertyValueWithDefault = HmiScreenItem.GetPropertyValueWithDefault<HmiObjectHandle>(hmiScreenItem, ""PictureList"", HmiObjectHandle.Empty);"
"HmiGraphicIOField","IsTransparentColorDisabled","GetPropertyValueWithDefault","bool","UseTransparentColor","false","HmiGraphicIOField.cs","459","return (!HmiScreenItem.GetPropertyValueWithDefault<bool>(hmiScreenItem, ""UseTransparentColor"", false) && (graphicIOFieldType == GraphicIOFieldType.Output || graphicIOFieldType == GraphicIOFieldType.InOutput || graphicIOFieldType == GraphicIOFieldType.Input)) || flag || graphicIOFieldType == GraphicIOFieldType.TwoState;"
"HmiGraphicView","IsBorderBackColorDisabled","GetPropertyValueWithDefault","bool","UseDesignColorSchema","true","HmiGraphicView.cs","283","return HmiScreenItem.IsBorderBackColorDisabledGeneral(hmiScreenItem) || (hmiScreenItem.IsSCADARuntime() && ((!HmiScreenItem.IsThemingEnabled(hmiScreenItem) && (int)((IPropertyAccess)hmiScreenItem.InstanceProxy)[""BorderWidth""] > 1) || (HmiScreenItem.IsThemingEnabled(hmiScreenItem) && HmiScreenItem.GetPropertyValueWithDefault<bool>(hmiScreenItem, ""UseDesignColorSchema"", true))));"
"HmiGraphicView","IsBorderColorDisabled","GetPropertyValueWithDefault","bool","UseDesignColorSchema","true","HmiGraphicView.cs","294","return ((LineStyle)((IPropertyAccess)hmiScreenItem.InstanceProxy)[""EdgeStyle""] == LineStyle.Style3D && flag && (!hmiScreenItem.IsSCADARuntime() || (int)((IPropertyAccess)hmiScreenItem.InstanceProxy)[""BorderWidth""] <= 1 || HmiScreenItem.IsThemingEnabled(hmiScreenItem))) || (hmiScreenItem.IsSCADARuntime() && HmiScreenItem.IsThemingEnabled(hmiScreenItem) && HmiScreenItem.GetPropertyValueWithDefault<bool>(hmiScreenItem, ""UseDesignColorSchema"", true));"
"HmiGraphicView","IsFillPatternColorDisabled","GetPropertyValueWithDefault","bool","UseDesignColorSchema","true","HmiGraphicView.cs","318","return (hmiScreenItem.IsSCADARuntime() && HmiScreenItem.IsThemingEnabled(hmiScreenItem) && HmiScreenItem.GetPropertyValueWithDefault<bool>(hmiScreenItem, ""UseDesignColorSchema"", true)) || (FillStyle)((IPropertyAccess)hmiScreenItem.InstanceProxy)[""BackFillStyle""] == FillStyle.Solid || (FillStyle)((IPropertyAccess)hmiScreenItem.InstanceProxy)[""BackFillStyle""] == FillStyle.Transparent;"
"HmiGraphicView","IsBackFillStyleDisabled","GetPropertyValueWithDefault","bool","UseDesignColorSchema","true","HmiGraphicView.cs","348","return hmiScreenItem.IsSCADARuntime() && HmiScreenItem.IsThemingEnabled(hmiScreenItem) && HmiScreenItem.GetPropertyValueWithDefault<bool>(hmiScreenItem, ""UseDesignColorSchema"", true);"
"HmiGraphicView","IsBackColorDisabled","GetPropertyValueWithDefault","bool","UseDesignColorSchema","true","HmiGraphicView.cs","354","return ((bool)((IPropertyAccess)hmiScreenItem.InstanceProxy)[""UseTransparentColor""] && hmiScreenItem.IsPanelRuntime()) || (hmiScreenItem.IsSCADARuntime() && HmiScreenItem.IsThemingEnabled(hmiScreenItem) && HmiScreenItem.GetPropertyValueWithDefault<bool>(hmiScreenItem, ""UseDesignColorSchema"", true));"
"HmiGraphicView","IsTransparentColorDisabled","GetPropertyValueWithDefault","bool","UseTransparentColor","true","HmiGraphicView.cs","306","return !HmiScreenItem.GetPropertyValueWithDefault<bool>(hmiScreenItem, ""UseTransparentColor"", true);"
"HmiIOField","IsFlashingDisabled","GetPropertyValueWithDefault","FlashingType","Flashing","FlashingType.None","HmiIOField.cs","1485","return (!hmiScreenItem.IsSCADARuntime() && HmiScreenItem.GetPropertyValueWithDefault<FlashingType>(hmiScreenItem, ""Flashing"", FlashingType.None) == FlashingType.None && propertyValueWithDefault) || (hmiScreenItem.IsModuleDevice() && hmiScreenItem.IsSCADARuntime());"
"HmiIOField","IsFlashingDisabled","GetPropertyValueWithDefault","bool","FlashingOnLimitViolation","false","HmiIOField.cs","1484","bool propertyValueWithDefault = HmiScreenItem.GetPropertyValueWithDefault<bool>(hmiScreenItem, ""FlashingOnLimitViolation"", false);"
"HmiIOField","IsStyleItemDisabled","GetPropertyValueWithDefault","bool","UseDesignColorSchema","true","HmiIOField.cs","1246","return !HmiScreenItem.GetPropertyValueWithDefault<bool>(hmiScreenItem, ""UseDesignColorSchema"", true);"
"HmiIOField","IsBackFillStyleDisabled","GetPropertyValueWithDefault","bool","UseDesignColorSchema","true","HmiIOField.cs","1323","return (!hmiScreenItem.IsSCADARuntime() && (iofieldType == IOFieldType.InOutput || iofieldType == IOFieldType.Input)) || (num > 0 && drawingContextType == DrawingContextType.SimpleGdiDrawingRenderer && !flag && iofieldType == IOFieldType.Output) || (hmiScreenItem.IsSCADARuntime() && HmiScreenItem.IsThemingEnabled(hmiScreenItem) && HmiScreenItem.GetPropertyValueWithDefault<bool>(hmiScreenItem, ""UseDesignColorSchema"", true));"
"HmiIOField","IsBackColorDisabled","GetPropertyValueWithDefault","bool","UseDesignColorSchema","true","HmiIOField.cs","1329","return hmiScreenItem.IsSCADARuntime() && HmiScreenItem.IsThemingEnabled(hmiScreenItem) && HmiScreenItem.GetPropertyValueWithDefault<bool>(hmiScreenItem, ""UseDesignColorSchema"", true);"
"HmiIOField","IsFillPatternColorDisabled","GetPropertyValueWithDefault","bool","UseDesignColorSchema","true","HmiIOField.cs","1335","return hmiScreenItem.IsSCADARuntime() && HmiScreenItem.IsThemingEnabled(hmiScreenItem) && HmiScreenItem.GetPropertyValueWithDefault<bool>(hmiScreenItem, ""UseDesignColorSchema"", true);"
"HmiIOField","IsBorderBackColorDisabled","GetPropertyValueWithDefault","bool","UseDesignColorSchema","true","HmiIOField.cs","1341","return HmiScreenItem.IsBorderBackColorDisabledGeneral(hmiScreenItem) || (hmiScreenItem.IsSCADARuntime() && ((!HmiScreenItem.IsThemingEnabled(hmiScreenItem) && (int)((IPropertyAccess)hmiScreenItem.InstanceProxy)[""BorderWidth""] > 1) || (HmiScreenItem.IsThemingEnabled(hmiScreenItem) && HmiScreenItem.GetPropertyValueWithDefault<bool>(hmiScreenItem, ""UseDesignColorSchema"", true))));"
"HmiIOField","IsBorderColorDisabled","GetPropertyValueWithDefault","bool","UseDesignColorSchema","true","HmiIOField.cs","1347","return HmiScreenItem.IsBorderColorDisabledGeneral(hmiScreenItem) || (hmiScreenItem.IsSCADARuntime() && HmiScreenItem.IsThemingEnabled(hmiScreenItem) && HmiScreenItem.GetPropertyValueWithDefault<bool>(hmiScreenItem, ""UseDesignColorSchema"", true));"
"HmiIOField","IsForeColorDisabled","GetPropertyValueWithDefault","bool","UseDesignColorSchema","true","HmiIOField.cs","1353","return hmiScreenItem.IsSCADARuntime() && HmiScreenItem.IsThemingEnabled(hmiScreenItem) && HmiScreenItem.GetPropertyValueWithDefault<bool>(hmiScreenItem, ""UseDesignColorSchema"", true);"
"HmiLine","IsColorDisabled","GetPropertyValueWithDefault","bool","UseDesignColorSchema","true","HmiLine.cs","86","return (drawingContextType == DrawingContextType.ThemingDrawingRenderer || drawingContextType == DrawingContextType.ComplexDrawingRenderer) && HmiScreenItem.GetPropertyValueWithDefault<bool>(hmiScreenItem, ""UseDesignColorSchema"", true) && HmiScreenItem.IsThemingEnabled(hmiScreenItem);"
"HmiLine","IsBackColorDisabled","GetPropertyValueWithDefault","bool","UseDesignColorSchema","true","HmiLine.cs","105","return ((drawingContextType == DrawingContextType.ComplexDrawingRenderer || drawingContextType == DrawingContextType.ThemingDrawingRenderer) && ((!flag3 && (int)((IPropertyAccess)hmiScreenItem.InstanceProxy)[""LineWidth""] > 1) || (flag3 && HmiScreenItem.GetPropertyValueWithDefault<bool>(hmiScreenItem, ""UseDesignColorSchema"", true)))) || (drawingContextType != DrawingContextType.ComplexDrawingRenderer && drawingContextType != DrawingContextType.ThemingDrawingRenderer && (flag || flag2));"
"HmiLineBase","IsStyleItemDisabled","GetPropertyValueWithDefault","bool","UseDesignColorSchema","true","HmiLineBase.cs","345","return !HmiScreenItem.GetPropertyValueWithDefault<bool>(hmiScreenItem, ""UseDesignColorSchema"", true);"
"HmiMultilineEdit","IsBackColorDisabled","GetPropertyValueWithDefault","bool","UseDesignColorSchema","true","HmiMultilineEdit.cs","169","return HmiScreenItem.IsThemingEnabled(hmiScreenItem) && HmiScreenItem.GetPropertyValueWithDefault<bool>(hmiScreenItem, ""UseDesignColorSchema"", true);"
"HmiMultilineEdit","IsBorderBackColorDisabled","GetPropertyValueWithDefault","bool","UseDesignColorSchema","true","HmiMultilineEdit.cs","175","return HmiScreenItem.IsBorderBackColorDisabledGeneral(hmiScreenItem) || (LineStyle)((IPropertyAccess)hmiScreenItem.InstanceProxy)[""EdgeStyle""] == LineStyle.Solid || (int)((IPropertyAccess)hmiScreenItem.InstanceProxy)[""BorderWidth""] == 0 || (HmiScreenItem.IsThemingEnabled(hmiScreenItem) && HmiScreenItem.GetPropertyValueWithDefault<bool>(hmiScreenItem, ""UseDesignColorSchema"", true));"
"HmiMultilineEdit","IsBorderColorDisabled","GetPropertyValueWithDefault","bool","UseDesignColorSchema","true","HmiMultilineEdit.cs","181","return HmiScreenItem.IsBorderColorDisabledGeneral(hmiScreenItem) || (HmiScreenItem.IsThemingEnabled(hmiScreenItem) && HmiScreenItem.GetPropertyValueWithDefault<bool>(hmiScreenItem, ""UseDesignColorSchema"", true));"
"HmiPolygon","IsBackFillStyleDisabled","GetPropertyValueWithDefault","bool","UseDesignColorSchema","true","HmiPolygon.cs","51","return hmiScreenItem.IsSCADARuntime() && HmiScreenItem.IsThemingEnabled(hmiScreenItem) && HmiScreenItem.GetPropertyValueWithDefault<bool>(hmiScreenItem, ""UseDesignColorSchema"", true);"
"HmiPolygon","IsBackColorDisabled","GetPropertyValueWithDefault","bool","UseDesignColorSchema","true","HmiPolygon.cs","57","return hmiScreenItem.IsSCADARuntime() && HmiScreenItem.IsThemingEnabled(hmiScreenItem) && HmiScreenItem.GetPropertyValueWithDefault<bool>(hmiScreenItem, ""UseDesignColorSchema"", true);"
"HmiPolygon","IsFillPatternColorDisabled","GetPropertyValueWithDefault","bool","UseDesignColorSchema","true","HmiPolygon.cs","63","return hmiScreenItem.IsSCADARuntime() && HmiScreenItem.IsThemingEnabled(hmiScreenItem) && HmiScreenItem.GetPropertyValueWithDefault<bool>(hmiScreenItem, ""UseDesignColorSchema"", true);"
"HmiPolygon","IsBorderBackColorDisabled","GetPropertyValueWithDefault","bool","UseDesignColorSchema","true","HmiPolygon.cs","75","return (drawingContextType == DrawingContextType.ThemingDrawingRenderer || drawingContextType == DrawingContextType.ComplexDrawingRenderer) && ((!flag && (int)((IPropertyAccess)hmiScreenItem.InstanceProxy)[""BorderWidth""] > 1) || (flag && HmiScreenItem.GetPropertyValueWithDefault<bool>(hmiScreenItem, ""UseDesignColorSchema"", true)));"
"HmiPolygon","IsBorderColorDisabled","GetPropertyValueWithDefault","bool","UseDesignColorSchema","true","HmiPolygon.cs","81","return HmiScreenItem.IsBorderColorDisabledGeneral(hmiScreenItem) || (hmiScreenItem.IsSCADARuntime() && HmiScreenItem.IsThemingEnabled(hmiScreenItem) && HmiScreenItem.GetPropertyValueWithDefault<bool>(hmiScreenItem, ""UseDesignColorSchema"", true));"
"HmiPolyline","IsColorDisabled","GetPropertyValueWithDefault","bool","UseDesignColorSchema","true","HmiPolyline.cs","55","return (drawingContextType == DrawingContextType.ThemingDrawingRenderer || drawingContextType == DrawingContextType.ComplexDrawingRenderer) && HmiScreenItem.GetPropertyValueWithDefault<bool>(hmiScreenItem, ""UseDesignColorSchema"", true) && HmiScreenItem.IsThemingEnabled(hmiScreenItem);"
"HmiPolyline","IsBackColorDisabled","GetPropertyValueWithDefault","bool","UseDesignColorSchema","true","HmiPolyline.cs","74","return (HmiScreenItem.GetPropertyValueWithDefault<bool>(hmiScreenItem, ""UseDesignColorSchema"", true) && flag3 && (drawingContextType == DrawingContextType.ThemingDrawingRenderer || drawingContextType == DrawingContextType.ComplexDrawingRenderer)) || (!flag3 && (int)((IPropertyAccess)hmiScreenItem.InstanceProxy)[""LineWidth""] > 1 && (drawingContextType == DrawingContextType.ThemingDrawingRenderer || drawingContextType == DrawingContextType.ComplexDrawingRenderer)) || (drawingContextType != DrawingContextType.ThemingDrawingRenderer && drawingContextType != DrawingContextType.ComplexDrawingRenderer && (flag2 || flag));"
"HmiRectangle","IsStyleItemDisabled","GetPropertyValueWithDefault","bool","UseDesignColorSchema","true","HmiRectangle.cs","53","return !HmiScreenItem.GetPropertyValueWithDefault<bool>(hmiScreenItem, ""UseDesignColorSchema"", true);"
"HmiRectangle","IsBackFillStyleDisabled","GetPropertyValueWithDefault","bool","UseDesignColorSchema","true","HmiRectangle.cs","88","return (drawingContextType == DrawingContextType.ThemingDrawingRenderer || drawingContextType == DrawingContextType.ComplexDrawingRenderer) && flag && HmiScreenItem.GetPropertyValueWithDefault<bool>(hmiScreenItem, ""UseDesignColorSchema"", true);"
"HmiRectangle","IsBackColorDisabled","GetPropertyValueWithDefault","bool","UseDesignColorSchema","true","HmiRectangle.cs","96","return (drawingContextType == DrawingContextType.ThemingDrawingRenderer || drawingContextType == DrawingContextType.ComplexDrawingRenderer) && flag && HmiScreenItem.GetPropertyValueWithDefault<bool>(hmiScreenItem, ""UseDesignColorSchema"", true);"
"HmiRectangle","IsFillPatternColorDisabled","GetPropertyValueWithDefault","bool","UseDesignColorSchema","true","HmiRectangle.cs","104","return (drawingContextType == DrawingContextType.ThemingDrawingRenderer || drawingContextType == DrawingContextType.ComplexDrawingRenderer) && flag && HmiScreenItem.GetPropertyValueWithDefault<bool>(hmiScreenItem, ""UseDesignColorSchema"", true);"
"HmiRectangle","IsBorderBackColorDisabled","GetPropertyValueWithDefault","bool","UseDesignColorSchema","true","HmiRectangle.cs","116","return (drawingContextType == DrawingContextType.ThemingDrawingRenderer || drawingContextType == DrawingContextType.ComplexDrawingRenderer) && ((!flag && (int)((IPropertyAccess)hmiScreenItem.InstanceProxy)[""BorderWidth""] > 1) || (flag && HmiScreenItem.GetPropertyValueWithDefault<bool>(hmiScreenItem, ""UseDesignColorSchema"", true)));"
"HmiRectangle","IsBorderColorDisabled","GetPropertyValueWithDefault","bool","UseDesignColorSchema","true","HmiRectangle.cs","128","return (drawingContextType == DrawingContextType.ThemingDrawingRenderer || drawingContextType == DrawingContextType.ComplexDrawingRenderer) && flag && HmiScreenItem.GetPropertyValueWithDefault<bool>(hmiScreenItem, ""UseDesignColorSchema"", true);"
"HmiScreenItem","GetDrawingContextTypeDependingOnCompatibilityMode","GetPropertyValueWithDefault","bool","CompatibilityMode","true","HmiScreenItem.cs","152","if (drawingContextType == DrawingContextType.ExtendedDrawingRenderer && HmiScreenItem.GetPropertyValueWithDefault<bool>(hmiScreenItem, ""CompatibilityMode"", true))"
"HmiScreenItem","AreFlashingPropertiesDisabled","GetPropertyValueWithDefault","FlashingType","Flashing","FlashingType.None","HmiScreenItem.cs","196","return HmiScreenItem.GetPropertyValueWithDefault<FlashingType>(hmiScreenItem, ""Flashing"", FlashingType.None) != FlashingType.Advanced;"
"HmiScreenItem","AreExtendedLimitsDisabled","GetPropertyValueWithDefault","bool","ShowLimitRanges","false","HmiScreenItem.cs","144","bool propertyValueWithDefault = HmiScreenItem.GetPropertyValueWithDefault<bool>(hmiScreenItem, ""ShowLimitRanges"", false);"
"HmiSlider","IsShowPositionDisabled","GetPropertyValueWithDefault","bool","CompatibilityMode","false","HmiSlider.cs","418","return !HmiScreenItem.GetPropertyValueWithDefault<bool>(hmiScreenItem, ""CompatibilityMode"", false) && HmiScreenItem.GetPropertyValueWithDefault<bool>(hmiScreenItem, ""ShowLimitRanges"", false);"
"HmiSlider","IsShowLimitMarkersDisabled","GetPropertyValueWithDefault","bool","ShowLimitRanges","false","HmiSlider.cs","277","return HmiSlider.IsCompatibilityMode(hmiScreenItem) || HmiScreenItem.GetPropertyValueWithDefault<bool>(hmiScreenItem, ""ShowLimitRanges"", false);"
"HmiSlider","IsShowPositionDisabled","GetPropertyValueWithDefault","bool","ShowLimitRanges","false","HmiSlider.cs","418","return !HmiScreenItem.GetPropertyValueWithDefault<bool>(hmiScreenItem, ""CompatibilityMode"", false) && HmiScreenItem.GetPropertyValueWithDefault<bool>(hmiScreenItem, ""ShowLimitRanges"", false);"
"HmiSlider","IsStyleItemDisabled","GetPropertyValueWithDefault","bool","UseDesignColorSchema","true","HmiSlider.cs","188","return !HmiScreenItem.GetPropertyValueWithDefault<bool>(hmiScreenItem, ""UseDesignColorSchema"", true);"
"HmiSlider","IsBackColorDisabled","GetPropertyValueWithDefault","bool","UseDesignColorSchema","true","HmiSlider.cs","227","return (sliderDrawingContextType == DrawingContextType.ComplexDrawingRenderer || sliderDrawingContextType == DrawingContextType.ThemingDrawingRenderer) && HmiScreenItem.IsThemingEnabled(hmiScreenItem) && HmiScreenItem.GetPropertyValueWithDefault<bool>(hmiScreenItem, ""UseDesignColorSchema"", true);"
"HmiSlider","IsForeColorDisabled","GetPropertyValueWithDefault","bool","UseDesignColorSchema","true","HmiSlider.cs","234","return (sliderDrawingContextType == DrawingContextType.ComplexDrawingRenderer || sliderDrawingContextType == DrawingContextType.ThemingDrawingRenderer) && HmiScreenItem.IsThemingEnabled(hmiScreenItem) && HmiScreenItem.GetPropertyValueWithDefault<bool>(hmiScreenItem, ""UseDesignColorSchema"", true);"
"HmiSlider","IsLabelColorDisabled","GetPropertyValueWithDefault","bool","UseDesignColorSchema","true","HmiSlider.cs","241","return (sliderDrawingContextType == DrawingContextType.ComplexDrawingRenderer || sliderDrawingContextType == DrawingContextType.ThemingDrawingRenderer) && HmiScreenItem.IsThemingEnabled(hmiScreenItem) && HmiScreenItem.GetPropertyValueWithDefault<bool>(hmiScreenItem, ""UseDesignColorSchema"", true);"
"HmiSvgHmiView","IsBorderBackColorDisabled","GetPropertyValueWithDefault","bool","UseDesignColorSchema","true","HmiSvgHmiView.cs","467","return HmiScreenItem.IsBorderBackColorDisabledGeneral(hmiScreenItem) || (hmiScreenItem.IsSCADARuntime() && ((!HmiScreenItem.IsThemingEnabled(hmiScreenItem) && (int)((IPropertyAccess)hmiScreenItem.InstanceProxy)[""BorderWidth""] > 1) || (HmiScreenItem.IsThemingEnabled(hmiScreenItem) && HmiScreenItem.GetPropertyValueWithDefault<bool>(hmiScreenItem, ""UseDesignColorSchema"", true))));"
"HmiSvgHmiView","IsBorderColorDisabled","GetPropertyValueWithDefault","bool","UseDesignColorSchema","true","HmiSvgHmiView.cs","478","return ((LineStyle)((IPropertyAccess)hmiScreenItem.InstanceProxy)[""EdgeStyle""] == LineStyle.Style3D && flag && (!hmiScreenItem.IsSCADARuntime() || (int)((IPropertyAccess)hmiScreenItem.InstanceProxy)[""BorderWidth""] <= 1 || HmiScreenItem.IsThemingEnabled(hmiScreenItem))) || (hmiScreenItem.IsSCADARuntime() && HmiScreenItem.IsThemingEnabled(hmiScreenItem) && HmiScreenItem.GetPropertyValueWithDefault<bool>(hmiScreenItem, ""UseDesignColorSchema"", true));"
"HmiSvgHmiView","IsFillPatternColorDisabled","GetPropertyValueWithDefault","bool","UseDesignColorSchema","true","HmiSvgHmiView.cs","502","return (hmiScreenItem.IsSCADARuntime() && HmiScreenItem.IsThemingEnabled(hmiScreenItem) && HmiScreenItem.GetPropertyValueWithDefault<bool>(hmiScreenItem, ""UseDesignColorSchema"", true)) || (FillStyle)((IPropertyAccess)hmiScreenItem.InstanceProxy)[""BackFillStyle""] == FillStyle.Solid || (FillStyle)((IPropertyAccess)hmiScreenItem.InstanceProxy)[""BackFillStyle""] == FillStyle.Transparent;"
"HmiSvgHmiView","IsBackFillStyleDisabled","GetPropertyValueWithDefault","bool","UseDesignColorSchema","true","HmiSvgHmiView.cs","532","return hmiScreenItem.IsSCADARuntime() && HmiScreenItem.IsThemingEnabled(hmiScreenItem) && HmiScreenItem.GetPropertyValueWithDefault<bool>(hmiScreenItem, ""UseDesignColorSchema"", true);"
"HmiSvgHmiView","IsBackColorDisabled","GetPropertyValueWithDefault","bool","UseDesignColorSchema","true","HmiSvgHmiView.cs","538","return ((bool)((IPropertyAccess)hmiScreenItem.InstanceProxy)[""UseTransparentColor""] && hmiScreenItem.IsPanelRuntime()) || (hmiScreenItem.IsSCADARuntime() && HmiScreenItem.IsThemingEnabled(hmiScreenItem) && HmiScreenItem.GetPropertyValueWithDefault<bool>(hmiScreenItem, ""UseDesignColorSchema"", true));"
"HmiSvgHmiView","IsTransparentColorDisabled","GetPropertyValueWithDefault","bool","UseTransparentColor","true","HmiSvgHmiView.cs","490","return !HmiScreenItem.GetPropertyValueWithDefault<bool>(hmiScreenItem, ""UseTransparentColor"", true);"
"HmiSwitch","IsFlashingDisabled","GetPropertyValueWithDefault","bool","FlashingOnLimitViolation","false","HmiSwitch.cs","579","return (HmiScreenItem.GetPropertyValueWithDefault<bool>(hmiScreenItem, ""FlashingOnLimitViolation"", false) && (FlashingType)((IPropertyAccess)hmiScreenItem.InstanceProxy)[""Flashing""] == FlashingType.None && (switchType == SwitchType.Switch || switchType == SwitchType.TextSwitchButton)) || switchType == SwitchType.GraphicSwitchButton;"
"HmiSwitch","IsStyleItemDisabled","GetPropertyValueWithDefault","bool","UseDesignColorSchema","true","HmiSwitch.cs","516","return !HmiScreenItem.GetPropertyValueWithDefault<bool>(hmiScreenItem, ""UseDesignColorSchema"", true);"
"HmiSwitch","IsFirstGradientOffsetDisabled","GetPropertyValueWithDefault","bool","UseFirstGradient","false","HmiSwitch.cs","785","return HmiScreenItem.GetDrawingContextType(hmiScreenItem) != DrawingContextType.ExtendedDrawingRenderer || ((FillStyle)((IPropertyAccess)hmiScreenItem.InstanceProxy)[""BackFillStyle""] != FillStyle.GradientHorizontal && (FillStyle)((IPropertyAccess)hmiScreenItem.InstanceProxy)[""BackFillStyle""] != FillStyle.GradientVertical) || !HmiScreenItem.GetPropertyValueWithDefault<bool>(hmiScreenItem, ""UseFirstGradient"", false);"
"HmiSwitch","IsSecondGradientColorDisabled","GetPropertyValueWithDefault","bool","UseSecondGradient","false","HmiSwitch.cs","791","return HmiScreenItem.GetDrawingContextType(hmiScreenItem) != DrawingContextType.ExtendedDrawingRenderer || ((FillStyle)((IPropertyAccess)hmiScreenItem.InstanceProxy)[""BackFillStyle""] != FillStyle.GradientHorizontal && (FillStyle)((IPropertyAccess)hmiScreenItem.InstanceProxy)[""BackFillStyle""] != FillStyle.GradientVertical) || !HmiScreenItem.GetPropertyValueWithDefault<bool>(hmiScreenItem, ""UseSecondGradient"", false);"
"HmiSwitch","IsSecondGradientOffsetDisabled","GetPropertyValueWithDefault","bool","UseSecondGradient","false","HmiSwitch.cs","797","return HmiScreenItem.GetDrawingContextType(hmiScreenItem) != DrawingContextType.ExtendedDrawingRenderer || ((FillStyle)((IPropertyAccess)hmiScreenItem.InstanceProxy)[""BackFillStyle""] != FillStyle.GradientHorizontal && (FillStyle)((IPropertyAccess)hmiScreenItem.InstanceProxy)[""BackFillStyle""] != FillStyle.GradientVertical) || !HmiScreenItem.GetPropertyValueWithDefault<bool>(hmiScreenItem, ""UseSecondGradient"", false);"
"HmiSymbolicIOField","IsFlashingDisabled","GetPropertyValueWithDefault","bool","FlashingOnLimitViolation","false","HmiSymbolicIOField.cs","1289","bool propertyValueWithDefault = HmiScreenItem.GetPropertyValueWithDefault<bool>(hmiScreenItem, ""FlashingOnLimitViolation"", false);"
"HmiSymbolicIOField","IsBorderWidthDisabled","GetPropertyValueWithDefault","bool","ShowDropDownButton","true","HmiSymbolicIOField.cs","1115","return (((FillStyle)((IPropertyAccess)hmiScreenItem.InstanceProxy)[""BackFillStyle""] == FillStyle.Transparent || lineStyle == LineStyle.Style3D) && (flag3 || drawingContextType == DrawingContextType.SimpleGdiDrawingRenderer) && symbolicIOFieldType == SymbolicIOFieldType.Output) || (lineStyle == LineStyle.Style3D && flag2 && symbolicIOFieldType == SymbolicIOFieldType.TwoState) || (flag && HmiScreenItem.GetPropertyValueWithDefault<bool>(hmiScreenItem, ""ShowDropDownButton"", true)) || (flag2 && (symbolicIOFieldType == SymbolicIOFieldType.Input || symbolicIOFieldType == SymbolicIOFieldType.InOutput) && HmiSymbolicIOField.ShowDropDownList(hmiScreenItem));"
"HmiSymbolicIOField","IsBorderColorDisabled","GetPropertyValueWithDefault","bool","ShowDropDownButton","true","HmiSymbolicIOField.cs","1133","return ((lineStyle == LineStyle.None || num == 0 || flag3) && (symbolicIOFieldType == SymbolicIOFieldType.Input || symbolicIOFieldType == SymbolicIOFieldType.InOutput)) || ((num == 0 || lineStyle == LineStyle.None) && !flag4 && symbolicIOFieldType == SymbolicIOFieldType.Output) || (flag && (HmiScreenItem.GetPropertyValueWithDefault<bool>(hmiScreenItem, ""ShowDropDownButton"", true) || (flag2 && (bool)((IPropertyAccess)hmiScreenItem.InstanceProxy)[""UseDesignColorSchema""])));"
"HmiSymbolicIOField","IsBorderBackColorDisabled","GetPropertyValueWithDefault","bool","ShowDropDownButton","true","HmiSymbolicIOField.cs","1151","return ((lineStyle == LineStyle.None || num == 0 || flag3) && (symbolicIOFieldType == SymbolicIOFieldType.Input || symbolicIOFieldType == SymbolicIOFieldType.InOutput)) || ((num == 0 || lineStyle == LineStyle.None) && !flag4 && symbolicIOFieldType == SymbolicIOFieldType.Output) || (flag && (HmiScreenItem.GetPropertyValueWithDefault<bool>(hmiScreenItem, ""ShowDropDownButton"", true) || (flag2 && HmiScreenItem.GetPropertyValueWithDefault<bool>(hmiScreenItem, ""UseDesignColorSchema"", true)))) || (num > 1 && flag && !flag2);"
"HmiSymbolicIOField","IsBackFillStyleDisabled","GetPropertyValueWithDefault","bool","ShowDropDownButton","true","HmiSymbolicIOField.cs","1164","return (!flag && (symbolicIOFieldType == SymbolicIOFieldType.Input || symbolicIOFieldType == SymbolicIOFieldType.InOutput)) || (num > 0 && drawingContextType == DrawingContextType.SimpleGdiDrawingRenderer && !flag4 && symbolicIOFieldType == SymbolicIOFieldType.Output) || (flag3 && symbolicIOFieldType == SymbolicIOFieldType.TwoState) || (flag && (HmiScreenItem.GetPropertyValueWithDefault<bool>(hmiScreenItem, ""ShowDropDownButton"", true) || (flag2 && HmiScreenItem.GetPropertyValueWithDefault<bool>(hmiScreenItem, ""UseDesignColorSchema"", true))));"
"HmiSymbolicIOField","IsEdgeStyleDisabled","GetPropertyValueWithDefault","bool","ShowDropDownButton","true","HmiSymbolicIOField.cs","1223","return (flag2 && drawingContextType != DrawingContextType.ExtendedDrawingRenderer && (symbolicIOFieldType == SymbolicIOFieldType.InOutput || symbolicIOFieldType == SymbolicIOFieldType.Input)) || (symbolicIOFieldType == SymbolicIOFieldType.Output && (FillStyle)((IPropertyAccess)hmiScreenItem.InstanceProxy)[""BackFillStyle""] == FillStyle.Transparent && (flag3 || drawingContextType == DrawingContextType.SimpleGdiDrawingRenderer)) || (flag && HmiScreenItem.GetPropertyValueWithDefault<bool>(hmiScreenItem, ""ShowDropDownButton"", true)) || (drawingContextType == DrawingContextType.SimpleGdiDrawingRenderer && symbolicIOFieldType > SymbolicIOFieldType.Output);"
"HmiSymbolicIOField","IsHeightDisabled","GetPropertyValueWithDefault","bool","ShowDropDownButton","true","HmiSymbolicIOField.cs","1262","return (flag2 && (symbolicIOFieldType == SymbolicIOFieldType.InOutput || symbolicIOFieldType == SymbolicIOFieldType.Input)) || (bool)((IPropertyAccess)hmiScreenItem.InstanceProxy)[""FitToLargest""] || (!flag && symbolicIOFieldType == SymbolicIOFieldType.TwoState) || (flag && HmiScreenItem.GetPropertyValueWithDefault<bool>(hmiScreenItem, ""ShowDropDownButton"", true));"
"HmiSymbolicIOField","IsBackColorDisabled","GetPropertyValueWithDefault","bool","ShowDropDownButton","true","HmiSymbolicIOField.cs","1386","return flag && ((flag2 && HmiScreenItem.GetPropertyValueWithDefault<bool>(hmiScreenItem, ""UseDesignColorSchema"", true)) || HmiScreenItem.GetPropertyValueWithDefault<bool>(hmiScreenItem, ""ShowDropDownButton"", true));"
"HmiSymbolicIOField","IsFillPatternColorDisabled","GetPropertyValueWithDefault","bool","ShowDropDownButton","true","HmiSymbolicIOField.cs","1394","return flag && ((flag2 && HmiScreenItem.GetPropertyValueWithDefault<bool>(hmiScreenItem, ""UseDesignColorSchema"", true)) || HmiScreenItem.GetPropertyValueWithDefault<bool>(hmiScreenItem, ""ShowDropDownButton"", true));"
"HmiSymbolicIOField","IsForeColorDisabled","GetPropertyValueWithDefault","bool","ShowDropDownButton","true","HmiSymbolicIOField.cs","1402","return flag && ((flag2 && HmiScreenItem.GetPropertyValueWithDefault<bool>(hmiScreenItem, ""UseDesignColorSchema"", true)) || HmiScreenItem.GetPropertyValueWithDefault<bool>(hmiScreenItem, ""ShowDropDownButton"", true));"
"HmiSymbolicIOField","IsDrawInsideFrameDisabled","GetPropertyValueWithDefault","bool","ShowDropDownButton","true","HmiSymbolicIOField.cs","1413","if ((!flag || !HmiScreenItem.GetPropertyValueWithDefault<bool>(hmiScreenItem, ""ShowDropDownButton"", true)) && flag)"
"HmiSymbolicIOField","IsDrawInsideFrameDisabled","GetPropertyValueWithDefault","bool","ShowDropDownButton","true","HmiSymbolicIOField.cs","1418","return flag && (flag4 || flag3 || HmiScreenItem.GetPropertyValueWithDefault<bool>(hmiScreenItem, ""ShowDropDownButton"", true));"
"HmiSymbolicIOField","IsCornerStyleDisabled","GetPropertyValueWithDefault","bool","ShowDropDownButton","true","HmiSymbolicIOField.cs","1436","return (((!flag3 && symbolicIOFieldType == SymbolicIOFieldType.Output) || symbolicIOFieldType == SymbolicIOFieldType.InOutput || symbolicIOFieldType == SymbolicIOFieldType.Input) && (num == 0 || (LineStyle)((IPropertyAccess)hmiScreenItem.InstanceProxy)[""EdgeStyle""] == LineStyle.None)) || (flag2 && (symbolicIOFieldType == SymbolicIOFieldType.InOutput || symbolicIOFieldType == SymbolicIOFieldType.Input)) || (flag && HmiScreenItem.GetPropertyValueWithDefault<bool>(hmiScreenItem, ""ShowDropDownButton"", true));"
"HmiSymbolicIOField","ShowDropDownList","GetPropertyValueWithDefault","bool","ShowDropDownList","true","HmiSymbolicIOField.cs","1448","return (HmiScreenItem.GetDrawingContextType(hmiScreenItem) == DrawingContextType.ExtendedDrawingRenderer || !hmiScreenItem.IsSmartRuntime()) && HmiScreenItem.GetPropertyValueWithDefault<bool>(hmiScreenItem, ""ShowDropDownList"", true);"
"HmiSymbolicIOField","IsStyleItemDisabled","GetPropertyValueWithDefault","bool","UseDesignColorSchema","true","HmiSymbolicIOField.cs","1047","return !HmiScreenItem.GetPropertyValueWithDefault<bool>(hmiScreenItem, ""UseDesignColorSchema"", true);"
"HmiSymbolicIOField","IsBorderBackColorDisabled","GetPropertyValueWithDefault","bool","UseDesignColorSchema","true","HmiSymbolicIOField.cs","1151","return ((lineStyle == LineStyle.None || num == 0 || flag3) && (symbolicIOFieldType == SymbolicIOFieldType.Input || symbolicIOFieldType == SymbolicIOFieldType.InOutput)) || ((num == 0 || lineStyle == LineStyle.None) && !flag4 && symbolicIOFieldType == SymbolicIOFieldType.Output) || (flag && (HmiScreenItem.GetPropertyValueWithDefault<bool>(hmiScreenItem, ""ShowDropDownButton"", true) || (flag2 && HmiScreenItem.GetPropertyValueWithDefault<bool>(hmiScreenItem, ""UseDesignColorSchema"", true)))) || (num > 1 && flag && !flag2);"
"HmiSymbolicIOField","IsBackFillStyleDisabled","GetPropertyValueWithDefault","bool","UseDesignColorSchema","true","HmiSymbolicIOField.cs","1164","return (!flag && (symbolicIOFieldType == SymbolicIOFieldType.Input || symbolicIOFieldType == SymbolicIOFieldType.InOutput)) || (num > 0 && drawingContextType == DrawingContextType.SimpleGdiDrawingRenderer && !flag4 && symbolicIOFieldType == SymbolicIOFieldType.Output) || (flag3 && symbolicIOFieldType == SymbolicIOFieldType.TwoState) || (flag && (HmiScreenItem.GetPropertyValueWithDefault<bool>(hmiScreenItem, ""ShowDropDownButton"", true) || (flag2 && HmiScreenItem.GetPropertyValueWithDefault<bool>(hmiScreenItem, ""UseDesignColorSchema"", true))));"
"HmiSymbolicIOField","IsBackColorDisabled","GetPropertyValueWithDefault","bool","UseDesignColorSchema","true","HmiSymbolicIOField.cs","1386","return flag && ((flag2 && HmiScreenItem.GetPropertyValueWithDefault<bool>(hmiScreenItem, ""UseDesignColorSchema"", true)) || HmiScreenItem.GetPropertyValueWithDefault<bool>(hmiScreenItem, ""ShowDropDownButton"", true));"
"HmiSymbolicIOField","IsFillPatternColorDisabled","GetPropertyValueWithDefault","bool","UseDesignColorSchema","true","HmiSymbolicIOField.cs","1394","return flag && ((flag2 && HmiScreenItem.GetPropertyValueWithDefault<bool>(hmiScreenItem, ""UseDesignColorSchema"", true)) || HmiScreenItem.GetPropertyValueWithDefault<bool>(hmiScreenItem, ""ShowDropDownButton"", true));"
"HmiSymbolicIOField","IsForeColorDisabled","GetPropertyValueWithDefault","bool","UseDesignColorSchema","true","HmiSymbolicIOField.cs","1402","return flag && ((flag2 && HmiScreenItem.GetPropertyValueWithDefault<bool>(hmiScreenItem, ""UseDesignColorSchema"", true)) || HmiScreenItem.GetPropertyValueWithDefault<bool>(hmiScreenItem, ""ShowDropDownButton"", true));"
"HmiTextField","IsStyleItemDisabled","GetPropertyValueWithDefault","bool","UseDesignColorSchema","true","HmiTextField.cs","447","return !HmiScreenItem.GetPropertyValueWithDefault<bool>(hmiScreenItem, ""UseDesignColorSchema"", true);"
"HmiTextField","IsBorderBackColorDisabled","GetPropertyValueWithDefault","bool","UseDesignColorSchema","true","HmiTextField.cs","509","return (flag && ((HmiScreenItem.IsClassicTheme(hmiScreenItem) && (num != 1 || lineStyle == LineStyle.Solid)) || (!flag2 && num > 1))) || (flag && flag2 && HmiScreenItem.GetPropertyValueWithDefault<bool>(hmiScreenItem, ""UseDesignColorSchema"", true)) || num == 0;"
"HmiTextField","IsBackFillStyleDisabled","GetPropertyValueWithDefault","bool","UseDesignColorSchema","true","HmiTextField.cs","533","return (flag && flag2 && HmiScreenItem.GetPropertyValueWithDefault<bool>(hmiScreenItem, ""UseDesignColorSchema"", true)) || (num > 0 && flag4);"
"HmiTextField","IsFillPatternColorDisabled","GetPropertyValueWithDefault","bool","UseDesignColorSchema","true","HmiTextField.cs","560","return (flag && flag2 && HmiScreenItem.GetPropertyValueWithDefault<bool>(hmiScreenItem, ""UseDesignColorSchema"", true)) || (FillStyle)((IPropertyAccess)hmiScreenItem.InstanceProxy)[""BackFillStyle""] == FillStyle.Solid || (FillStyle)((IPropertyAccess)hmiScreenItem.InstanceProxy)[""BackFillStyle""] == FillStyle.Transparent;"
"HmiTextField","IsBackColorDisabled","GetPropertyValueWithDefault","bool","UseDesignColorSchema","true","HmiTextField.cs","610","return flag && flag2 && HmiScreenItem.GetPropertyValueWithDefault<bool>(hmiScreenItem, ""UseDesignColorSchema"", true);"
"HmiTextField","IsBorderColorDisabled","GetPropertyValueWithDefault","bool","UseDesignColorSchema","true","HmiTextField.cs","622","return flag && flag2 && HmiScreenItem.GetPropertyValueWithDefault<bool>(hmiScreenItem, ""UseDesignColorSchema"", true);"
"HmiTextField","IsForeColorDisabled","GetPropertyValueWithDefault","bool","UseDesignColorSchema","true","HmiTextField.cs","630","return flag && flag2 && HmiScreenItem.GetPropertyValueWithDefault<bool>(hmiScreenItem, ""UseDesignColorSchema"", true);"
"HmiTubeArcObject","IsColorDisabled","GetPropertyValueWithDefault","bool","UseDesignColorSchema","true","HmiTubeArcObject.cs","32","return HmiScreenItem.IsThemingEnabled(hmiScreenItem) && HmiScreenItem.GetPropertyValueWithDefault<bool>(hmiScreenItem, ""UseDesignColorSchema"", true);"
"HmiTubeDoubleTeeObject","IsColorDisabled","GetPropertyValueWithDefault","bool","UseDesignColorSchema","true","HmiTubeDoubleTeeObject.cs","58","return HmiScreenItem.IsThemingEnabled(hmiScreenItem) && HmiScreenItem.GetPropertyValueWithDefault<bool>(hmiScreenItem, ""UseDesignColorSchema"", true);"
"HmiTubePolyline","IsColorDisabled","GetPropertyValueWithDefault","bool","UseDesignColorSchema","true","HmiTubePolyline.cs","89","return HmiScreenItem.IsThemingEnabled(hmiScreenItem) && HmiScreenItem.GetPropertyValueWithDefault<bool>(hmiScreenItem, ""UseDesignColorSchema"", true);"
